/**单位类型及单位初始化数据插入**/
insert into t_unit_type (id, name) values ('2c9385f1471a8a4701471def43ea0008','废水浓度');
insert into t_unit_type (id, name) values ('2c9386d347de11f70147e71159030007','无量纲');
insert into t_unit_type (id, name) values ('2c9385f1471ee26901471eefaa580002','质量');
insert into t_unit_type (id, name) values ('2c938239477bc01501477c0dcfe50006','百分比');
insert into t_unit_type (id, name) values ('2c938239477bc01501477c0b55400004','电导率');
insert into t_unit_type (id, name) values ('2c93823947b513730147b518607d0002','温度');
insert into t_unit_type (id, name) values ('2c9386d34737adfa014738a1e9ad0040','废气浓度');
insert into t_unit_type (id, name) values ('2c9385f147cea5250147ceae3bea0002','量程');

insert into t_measure_unit(id,unit_type,standard_flag,trans_formula,name) values ('2c93945a476744580147674eef120005', '2c9385f1471ee26901471eefaa580002',1,'','kg');
insert into t_measure_unit(id,unit_type,standard_flag,trans_formula,name) values ('2c938239477bc01501477c0d9fad0005', '2c938239477bc01501477c0b55400004',1,'','μS/cm');
insert into t_measure_unit(id,unit_type,standard_flag,trans_formula,name) values ('2c9385f147cea5250147ceaefe7f0003', '2c9385f147cea5250147ceae3bea0002',1,'','km');
insert into t_measure_unit(id,unit_type,standard_flag,trans_formula,name) values ('2c9394a853cfcdb10153d0fe7f360002', '2c9385f147cea5250147ceae3bea0002',0,'1000','m');
insert into t_measure_unit(id,unit_type,standard_flag,trans_formula,name) values ('2c9386d347de11f70147e711830f0008', '2c9386d347de11f70147e71159030007',1,'','无量纲');
insert into t_measure_unit(id,unit_type,standard_flag,trans_formula,name) values ('2c9386d347f27fef0147f626c9c70002', '2c9386d34737adfa014738a1e9ad0040',0,'0.001','mg/m3');
insert into t_measure_unit(id,unit_type,standard_flag,trans_formula,name) values ('2c9394a656aff30e0156b00ac0230002', '2c9386d34737adfa014738a1e9ad0040',1,'','ug/m3');
insert into t_measure_unit(id,unit_type,standard_flag,trans_formula,name) values ('2c93945a476744580147674c7ba10003', '2c9385f1471a8a4701471def43ea0008',1,'','mg/L');
insert into t_measure_unit(id,unit_type,standard_flag,trans_formula,name) values ('2c93945a476744580147674ceb8a0004', '2c9385f1471a8a4701471def43ea0008',0,'','ug/l');
insert into t_measure_unit(id,unit_type,standard_flag,trans_formula,name) values ('2c93823947b513730147b519115e0003', '2c93823947b513730147b518607d0002',1,'','℃');
insert into t_measure_unit(id,unit_type,standard_flag,trans_formula,name) values ('2c938239477bc01501477c0eb2940008', '2c938239477bc01501477c0dcfe50006',1,'','%');

/**因子分类初始化数据插入**/
insert into t_factor_category (id, code, edit_flag, pos, pos_code, parent_id, description, name) values ('3333ae2734d64bbe8b598af6c6610001', '-1',     0,  0,  '000',       null, '根节点', '因子类别');
insert into t_factor_category (id, code, edit_flag, pos, pos_code, parent_id, description, name) values ('3333ae2734d64bbe8b598af6c6610002', 'w',      0,  0,  '000000',    '3333ae2734d64bbe8b598af6c6610001', '水污染物分类', '水污染物');
insert into t_factor_category (id, code, edit_flag, pos, pos_code, parent_id, description, name) values ('3333ae2734d64bbe8b598af6c6610003', 'a',      0,  1,  '000001',    '3333ae2734d64bbe8b598af6c6610001', '大气污染物分类', '大气污染物');
insert into t_factor_category (id, code, edit_flag, pos, pos_code, parent_id, description, name) values ('3333ae2734d64bbe8b598af6c6610004', 's',      0,  2,  '000002',    '3333ae2734d64bbe8b598af6c6610001', '固废分类', '固废');
                                                                                           
insert into t_factor_category (id, code, edit_flag, pos, pos_code, parent_id, description, name) values ('3333ae2734d64bbe8b598af6c6610005', 'w01000', 0,  0,  '000000000', '3333ae2734d64bbe8b598af6c6610002', '物理指标：表示水体物理性质 综合指标：表示水体的某项综合性质', '物理和综合指标');
insert into t_factor_category (id, code, edit_flag, pos, pos_code, parent_id, description, name) values ('3333ae2734d64bbe8b598af6c6610006', 'w02000', 0,  1,  '000000001', '3333ae2734d64bbe8b598af6c6610002', '','生物指标');
insert into t_factor_category (id, code, edit_flag, pos, pos_code, parent_id, description, name) values ('3333ae2734d64bbe8b598af6c6610007', 'w03000', 0,  2,  '000000002', '3333ae2734d64bbe8b598af6c6610002', '','放射性指标');
insert into t_factor_category (id, code, edit_flag, pos, pos_code, parent_id, description, name) values ('3333ae2734d64bbe8b598af6c6610008', 'w19000 ',0,  3,  '000000003', '3333ae2734d64bbe8b598af6c6610002', '','其他指标');
insert into t_factor_category (id, code, edit_flag, pos, pos_code, parent_id, description, name) values ('3333ae2734d64bbe8b598af6c6610009', 'w20000', 0,  4,  '000000004', '3333ae2734d64bbe8b598af6c6610002', '','金属及金属化合物');
insert into t_factor_category (id, code, edit_flag, pos, pos_code, parent_id, description, name) values ('3333ae2734d64bbe8b598af6c6610010', 'w21000', 0,  5,  '000000005', '3333ae2734d64bbe8b598af6c6610002', '','非金属无机物');
insert into t_factor_category (id, code, edit_flag, pos, pos_code, parent_id, description, name) values ('3333ae2734d64bbe8b598af6c6610011', 'w22000', 0,  6,  '000000006', '3333ae2734d64bbe8b598af6c6610002', '','油类');
insert into t_factor_category (id, code, edit_flag, pos, pos_code, parent_id, description, name) values ('3333ae2734d64bbe8b598af6c6610012', 'w23000', 0,  7,  '000000007', '3333ae2734d64bbe8b598af6c6610002', '','酚');
insert into t_factor_category (id, code, edit_flag, pos, pos_code, parent_id, description, name) values ('3333ae2734d64bbe8b598af6c6610013', 'w24000', 0,  8,  '000000008', '3333ae2734d64bbe8b598af6c6610002', '', '脂肪烃和卤代脂肪烃');
insert into t_factor_category (id, code, edit_flag, pos, pos_code, parent_id, description, name) values ('3333ae2734d64bbe8b598af6c6610014', 'w25000', 0,  9,  '000000009', '3333ae2734d64bbe8b598af6c6610002', '', '芳香族化合物');
insert into t_factor_category (id, code, edit_flag, pos, pos_code, parent_id, description, name) values ('3333ae2734d64bbe8b598af6c6610015', 'w26000', 0, 10,  '000000010', '3333ae2734d64bbe8b598af6c6610002', '', '胺');
insert into t_factor_category (id, code, edit_flag, pos, pos_code, parent_id, description, name) values ('3333ae2734d64bbe8b598af6c6610016', 'w27000', 0, 11,  '000000011', '3333ae2734d64bbe8b598af6c6610002', '', '多氯联苯');
insert into t_factor_category (id, code, edit_flag, pos, pos_code, parent_id, description, name) values ('3333ae2734d64bbe8b598af6c6610017', 'w28000', 0, 12,  '000000012', '3333ae2734d64bbe8b598af6c6610002', '', '醚');
insert into t_factor_category (id, code, edit_flag, pos, pos_code, parent_id, description, name) values ('3333ae2734d64bbe8b598af6c6610018', 'w29000', 0, 13,  '000000013', '3333ae2734d64bbe8b598af6c6610002', '', '酯');
insert into t_factor_category (id, code, edit_flag, pos, pos_code, parent_id, description, name) values ('3333ae2734d64bbe8b598af6c6610019', 'w30000', 0, 14,  '000000014', '3333ae2734d64bbe8b598af6c6610002', '', '醇');
insert into t_factor_category (id, code, edit_flag, pos, pos_code, parent_id, description, name) values ('3333ae2734d64bbe8b598af6c6610020', 'w31000', 0, 15,  '000000015', '3333ae2734d64bbe8b598af6c6610002', '', '醛');
insert into t_factor_category (id, code, edit_flag, pos, pos_code, parent_id, description, name) values ('3333ae2734d64bbe8b598af6c6610021', 'w32000', 0, 16,  '000000016', '3333ae2734d64bbe8b598af6c6610002', '', '有机酸');
insert into t_factor_category (id, code, edit_flag, pos, pos_code, parent_id, description, name) values ('3333ae2734d64bbe8b598af6c6610022', 'w33000', 0, 17,  '000000017', '3333ae2734d64bbe8b598af6c6610002', '', '农药');
insert into t_factor_category (id, code, edit_flag, pos, pos_code, parent_id, description, name) values ('3333ae2734d64bbe8b598af6c6610023', 'w34000', 0, 18,  '000000018', '3333ae2734d64bbe8b598af6c6610002', '', '消毒剂及其副产物');
insert into t_factor_category (id, code, edit_flag, pos, pos_code, parent_id, description, name) values ('3333ae2734d64bbe8b598af6c6610024', 'w99000', 0, 19,  '000000019', '3333ae2734d64bbe8b598af6c6610002', '', '其他污染物');

/**因子指标插入-------物理和综合指标-----**/
insert into t_factor_index(id,code,factor_category,edit_flag,name,e_name,chemical_symbol) values ('7658945a476744580147674eef101001', 'w01001', '3333ae2734d64bbe8b598af6c6610005',0,'pH值',         'pH',                                       '');
insert into t_factor_index(id,code,factor_category,edit_flag,name,e_name,chemical_symbol) values ('7658945a476744580147674eef101002', 'w01002', '3333ae2734d64bbe8b598af6c6610005',0,'色度',          'Color',                                    '');
insert into t_factor_index(id,code,factor_category,edit_flag,name,e_name,chemical_symbol) values ('7658945a476744580147674eef101003', 'w01003', '3333ae2734d64bbe8b598af6c6610005',0,'浑浊度',         'Turbidity',                                '');
insert into t_factor_index(id,code,factor_category,edit_flag,name,e_name,chemical_symbol) values ('7658945a476744580147674eef101004', 'w01004', '3333ae2734d64bbe8b598af6c6610005',0,'透明度',         'Transparency Clarity',                     '');
insert into t_factor_index(id,code,factor_category,edit_flag,name,e_name,chemical_symbol) values ('7658945a476744580147674eef101005', 'w01005', '3333ae2734d64bbe8b598af6c6610005',0,'嗅和味',         'Odor and Sapor',                           '');
insert into t_factor_index(id,code,factor_category,edit_flag,name,e_name,chemical_symbol) values ('7658945a476744580147674eef101006', 'w01006', '3333ae2734d64bbe8b598af6c6610005',0,'溶解性总固体',   'Total Dissolved Solids',                   '');
insert into t_factor_index(id,code,factor_category,edit_flag,name,e_name,chemical_symbol) values ('7658945a476744580147674eef101007', 'w01007', '3333ae2734d64bbe8b598af6c6610005',0,'总硬度',         'Hardness',                            'total');
insert into t_factor_index(id,code,factor_category,edit_flag,name,e_name,chemical_symbol) values ('7658945a476744580147674eef101008', 'w01008', '3333ae2734d64bbe8b598af6c6610005',0,'全盐量',         'Total Salt',                               '');
insert into t_factor_index(id,code,factor_category,edit_flag,name,e_name,chemical_symbol) values ('7658945a476744580147674eef101009', 'w01009', '3333ae2734d64bbe8b598af6c6610005',0,'溶解氧',         'Dissolved Oxygen',                         '');
insert into t_factor_index(id,code,factor_category,edit_flag,name,e_name,chemical_symbol) values ('7658945a476744580147674eef101010', 'w01010', '3333ae2734d64bbe8b598af6c6610005',0,'水温',           'Temperature',                              '');
insert into t_factor_index(id,code,factor_category,edit_flag,name,e_name,chemical_symbol) values ('7658945a476744580147674eef101011', 'w01011', '3333ae2734d64bbe8b598af6c6610005',0,'肉眼可见物',     'Megascopic Matters',                       '');
insert into t_factor_index(id,code,factor_category,edit_flag,name,e_name,chemical_symbol) values ('7658945a476744580147674eef101012', 'w01012', '3333ae2734d64bbe8b598af6c6610005',0,'悬浮物',         'Suspended Solids',                         '');
insert into t_factor_index(id,code,factor_category,edit_flag,name,e_name,chemical_symbol) values ('7658945a476744580147674eef101013', 'w01013', '3333ae2734d64bbe8b598af6c6610005',0,'漂浮物',         'Floating Matters',                         '');
insert into t_factor_index(id,code,factor_category,edit_flag,name,e_name,chemical_symbol) values ('7658945a476744580147674eef101014', 'w01014', '3333ae2734d64bbe8b598af6c6610005',0,'电导率',         'Conductivity',                             '');
insert into t_factor_index(id,code,factor_category,edit_flag,name,e_name,chemical_symbol) values ('7658945a476744580147674eef101015', 'w01015', '3333ae2734d64bbe8b598af6c6610005',0,'急性毒性',       'Acute Toxicity',                           '');
insert into t_factor_index(id,code,factor_category,edit_flag,name,e_name,chemical_symbol) values ('7658945a476744580147674eef101016', 'w01016', '3333ae2734d64bbe8b598af6c6610005',0,'叶绿素',         'Chlorophyll',                              '');
insert into t_factor_index(id,code,factor_category,edit_flag,name,e_name,chemical_symbol) values ('7658945a476744580147674eef101017', 'w01017', '3333ae2734d64bbe8b598af6c6610005',0,'五日生化需氧量', 'Biochemical Oxygen Demand After 5days','BOD5');
insert into t_factor_index(id,code,factor_category,edit_flag,name,e_name,chemical_symbol) values ('7658945a476744580147674eef101018', 'w01018', '3333ae2734d64bbe8b598af6c6610005',0,'化学需氧量',     'Chemical Oxygen Demand',                'COD');
insert into t_factor_index(id,code,factor_category,edit_flag,name,e_name,chemical_symbol) values ('7658945a476744580147674eef101019', 'w01019', '3333ae2734d64bbe8b598af6c6610005',0,'高锰酸盐指数',   'Permanganate Index',                       '');
insert into t_factor_index(id,code,factor_category,edit_flag,name,e_name,chemical_symbol) values ('7658945a476744580147674eef101020', 'w01020', '3333ae2734d64bbe8b598af6c6610005',0,'总有机碳',       'Total Organic Carbon',                  'TOC');
insert into t_factor_index(id,code,factor_category,edit_flag,name,e_name,chemical_symbol) values ('7658945a476744580147674eef101021', 'w01021', '3333ae2734d64bbe8b598af6c6610005',0,'可同化有机碳',   'Assimilable Organic Carbon',            'AOC');

/**因子指标插入-------'生物指标'------**/
insert into t_factor_index(id,code,factor_category,edit_flag,name,e_name) values ('7658945a476744580147674eef102001', 'w02001','3333ae2734d64bbe8b598af6c6610006',0,'蛔虫卵', 'Ascaris Eggs');
insert into t_factor_index(id,code,factor_category,edit_flag,name,e_name) values ('7658945a476744580147674eef102002', 'w02002','3333ae2734d64bbe8b598af6c6610006',0,'蠕虫卵', 'Helminth Eggs');
insert into t_factor_index(id,code,factor_category,edit_flag,name,e_name) values ('7658945a476744580147674eef102003', 'w02003','3333ae2734d64bbe8b598af6c6610006',0,'粪大肠菌群', 'Fecal Coliform');
insert into t_factor_index(id,code,factor_category,edit_flag,name,e_name) values ('7658945a476744580147674eef102004', 'w02004','3333ae2734d64bbe8b598af6c6610006',0,'总大肠菌群', 'Total Coliform');
insert into t_factor_index(id,code,factor_category,edit_flag,name,e_name) values ('7658945a476744580147674eef102005', 'w02005','3333ae2734d64bbe8b598af6c6610006',0,'耐热大肠菌群', 'Heat-resistant Coliform');
insert into t_factor_index(id,code,factor_category,edit_flag,name,e_name) values ('7658945a476744580147674eef102006', 'w02006','3333ae2734d64bbe8b598af6c6610006',0,'细菌总数', 'Heterotrophic plate count');
insert into t_factor_index(id,code,factor_category,edit_flag,name,e_name) values ('7658945a476744580147674eef102007', 'w02007','3333ae2734d64bbe8b598af6c6610006',0,'大肠埃希氏菌', 'E. Coliform');
insert into t_factor_index(id,code,factor_category,edit_flag,name,e_name) values ('7658945a476744580147674eef102008', 'w02008','3333ae2734d64bbe8b598af6c6610006',0,'肠球菌', 'Enterococcus');
insert into t_factor_index(id,code,factor_category,edit_flag,name,e_name) values ('7658945a476744580147674eef102009', 'w02009','3333ae2734d64bbe8b598af6c6610006',0,'产气荚膜梭状芽胞杆菌', 'Clostridium Perfringens');
insert into t_factor_index(id,code,factor_category,edit_flag,name,e_name) values ('7658945a476744580147674eef102010', 'w02010','3333ae2734d64bbe8b598af6c6610006',0,'沙门氏菌', 'Salmonella');
insert into t_factor_index(id,code,factor_category,edit_flag,name,e_name) values ('7658945a476744580147674eef102011', 'w02011','3333ae2734d64bbe8b598af6c6610006',0,'志贺氏菌', 'Shigella');
insert into t_factor_index(id,code,factor_category,edit_flag,name,e_name) values ('7658945a476744580147674eef102012', 'w02012','3333ae2734d64bbe8b598af6c6610006',0,'结核杆菌', 'Mycobecterium Tuberculosis');
insert into t_factor_index(id,code,factor_category,edit_flag,name,e_name) values ('7658945a476744580147674eef102013', 'w02013','3333ae2734d64bbe8b598af6c6610006',0,'军团菌', 'Legionella');
insert into t_factor_index(id,code,factor_category,edit_flag,name,e_name) values ('7658945a476744580147674eef102014', 'w02014','3333ae2734d64bbe8b598af6c6610006',0,'铜绿假单胞菌', 'Pseudomonas Aeruginosa');
insert into t_factor_index(id,code,factor_category,edit_flag,name,e_name) values ('7658945a476744580147674eef102015', 'w02015','3333ae2734d64bbe8b598af6c6610006',0,'贾第鞭毛虫', 'Giardia');
insert into t_factor_index(id,code,factor_category,edit_flag,name,e_name) values ('7658945a476744580147674eef102016', 'w02016','3333ae2734d64bbe8b598af6c6610006',0,'隐孢子虫', 'Cryptosporidium Tyzzer');
insert into t_factor_index(id,code,factor_category,edit_flag,name,e_name) values ('7658945a476744580147674eef102017', 'w02017','3333ae2734d64bbe8b598af6c6610006',0,'兰伯氏贾第虫', 'Giardia Lamblia');
insert into t_factor_index(id,code,factor_category,edit_flag,name,e_name) values ('7658945a476744580147674eef102018', 'w02018','3333ae2734d64bbe8b598af6c6610006',0,'病毒', 'Virus');
insert into t_factor_index(id,code,factor_category,edit_flag,name,e_name) values ('7658945a476744580147674eef102019', 'w02019','3333ae2734d64bbe8b598af6c6610006',0,'藻类', 'Algae');

/**因子指标插入-------'放射性指标'------**/
insert into t_factor_index(id,code,factor_category,edit_flag,name,e_name) values ('7658945a476744580147674eef103001', 'w03001','3333ae2734d64bbe8b598af6c6610007',0,'总 α 放射性', 'Total α-ray intensity');
insert into t_factor_index(id,code,factor_category,edit_flag,name,e_name) values ('7658945a476744580147674eef103002', 'w03002','3333ae2734d64bbe8b598af6c6610007',0,'总 β 放射性', 'Total β-ray intensity');
insert into t_factor_index(id,code,factor_category,edit_flag,name,e_name) values ('7658945a476744580147674eef103003', 'w03003','3333ae2734d64bbe8b598af6c6610007',0,'镭 226 和 228', 'Radium 226 and Radium 228(combined)');
insert into t_factor_index(id,code,factor_category,edit_flag,name,e_name) values ('7658945a476744580147674eef103004', 'w03004','3333ae2734d64bbe8b598af6c6610007',0,'氚', 'Tritium');

/**因子指标插入-------'其他指标'------**/
INSERT INTO t_factor_index(id,CODE,factor_category,edit_flag,NAME,e_name) VALUES ('7658945a476744580147674eef119001', 'w19001','3333ae2734d64bbe8b598af6c6610008',0,'表面活性剂', 'Surface Active Agent');
INSERT INTO t_factor_index(id,CODE,factor_category,edit_flag,NAME,e_name) VALUES ('7658945a476744580147674eef119002', 'w19002','3333ae2734d64bbe8b598af6c6610008',0,'阴离子表面活性剂', 'Anion Surface Active Agent');
INSERT INTO t_factor_index(id,CODE,factor_category,edit_flag,NAME,e_name) VALUES ('7658945a476744580147674eef119003', 'w19003','3333ae2734d64bbe8b598af6c6610008',0,'阴离子合成洗涤剂', 'Anion Detergent');
INSERT INTO t_factor_index(id,CODE,factor_category,edit_flag,NAME,e_name) VALUES ('7658945a476744580147674eef119004', 'w19004','3333ae2734d64bbe8b598af6c6610008',0,'彩色显影剂', 'Color Developing Agent');
INSERT INTO t_factor_index(id,CODE,factor_category,edit_flag,NAME,e_name) VALUES ('7658945a476744580147674eef119005', 'w19005','3333ae2734d64bbe8b598af6c6610008',0,'显影剂及氧化物总量', 'Developing Agent and Total Oxide');
INSERT INTO t_factor_index(id,CODE,factor_category,edit_flag,NAME,e_name) VALUES ('7658945a476744580147674eef119006', 'w19006','3333ae2734d64bbe8b598af6c6610008',0,'腐蚀性', 'Corrosivity');
INSERT INTO t_factor_index(id,CODE,factor_category,edit_flag,NAME,e_name) VALUES ('7658945a476744580147674eef119007', 'w19007','3333ae2734d64bbe8b598af6c6610008',0,'发泡剂', 'Foaming Agents');

/**因子指标插入-------'金属及金属化合物'------**/
insert into t_factor_index(id,code,factor_category,edit_flag,name,e_name) values ('7658945a476744580147674eef120002', 'w20002','3333ae2734d64bbe8b598af6c6610009',0,'铝', 'Aluminum');
insert into t_factor_index(id,code,factor_category,edit_flag,name,e_name) values ('7658945a476744580147674eef120004', 'w20004','3333ae2734d64bbe8b598af6c6610009',0,'锑', 'Antimony');
insert into t_factor_index(id,code,factor_category,edit_flag,name,e_name) values ('7658945a476744580147674eef120012', 'w20012','3333ae2734d64bbe8b598af6c6610009',0,'钡', 'Barium');
insert into t_factor_index(id,code,factor_category,edit_flag,name,e_name) values ('7658945a476744580147674eef120023', 'w20023','3333ae2734d64bbe8b598af6c6610009',0,'硼', 'Boron');
insert into t_factor_index(id,code,factor_category,edit_flag,name,e_name) values ('7658945a476744580147674eef120038', 'w20038','3333ae2734d64bbe8b598af6c6610009',0,'钴', 'Cobalt');
insert into t_factor_index(id,code,factor_category,edit_flag,name,e_name) values ('7658945a476744580147674eef120047', 'w20047','3333ae2734d64bbe8b598af6c6610009',0,'四乙基铅', 'Tetraethyl-lead');
insert into t_factor_index(id,code,factor_category,edit_flag,name,e_name) values ('7658945a476744580147674eef120061', 'w20061','3333ae2734d64bbe8b598af6c6610009',0,'钼', 'Molybdenum');
insert into t_factor_index(id,code,factor_category,edit_flag,name,e_name) values ('7658945a476744580147674eef120075', 'w20075','3333ae2734d64bbe8b598af6c6610009',0,'钠', 'Sodium');
insert into t_factor_index(id,code,factor_category,edit_flag,name,e_name) values ('7658945a476744580147674eef120089', 'w20089','3333ae2734d64bbe8b598af6c6610009',0,'铊', 'Thallium');
insert into t_factor_index(id,code,factor_category,edit_flag,name,e_name) values ('7658945a476744580147674eef120092', 'w20092','3333ae2734d64bbe8b598af6c6610009',0,'锡', 'Tin');
insert into t_factor_index(id,code,factor_category,edit_flag,name,e_name) values ('7658945a476744580147674eef120095', 'w20095','3333ae2734d64bbe8b598af6c6610009',0,'钛', 'Titanium');
insert into t_factor_index(id,code,factor_category,edit_flag,name,e_name) values ('7658945a476744580147674eef120098', 'w20098','3333ae2734d64bbe8b598af6c6610009',0,'钨', 'Tungsten');
insert into t_factor_index(id,code,factor_category,edit_flag,name,e_name) values ('7658945a476744580147674eef120101', 'w20101','3333ae2734d64bbe8b598af6c6610009',0,'钒', 'Vanadium');
insert into t_factor_index(id,code,factor_category,edit_flag,name,e_name) values ('7658945a476744580147674eef120110', 'w20110','3333ae2734d64bbe8b598af6c6610009',0,'铀', 'Uranium');
insert into t_factor_index(id,code,factor_category,edit_flag,name,e_name) values ('7658945a476744580147674eef120111', 'w20111','3333ae2734d64bbe8b598af6c6610009',0,'总汞', 'Mercury(total)');
insert into t_factor_index(id,code,factor_category,edit_flag,name,e_name) values ('7658945a476744580147674eef120112', 'w20112','3333ae2734d64bbe8b598af6c6610009',0,'无机汞', 'Mercury(inorganic)');
insert into t_factor_index(id,code,factor_category,edit_flag,name,e_name) values ('7658945a476744580147674eef120113', 'w20113','3333ae2734d64bbe8b598af6c6610009',0,'烷基汞', 'Alkyl Mercury');
insert into t_factor_index(id,code,factor_category,edit_flag,name,e_name) values ('7658945a476744580147674eef120114', 'w20114','3333ae2734d64bbe8b598af6c6610009',0,'氯化乙基汞', 'Ethylmercurry Chloride');
insert into t_factor_index(id,code,factor_category,edit_flag,name,e_name) values ('7658945a476744580147674eef120115', 'w20115','3333ae2734d64bbe8b598af6c6610009',0,'总镉', 'Cadmium(total)');
insert into t_factor_index(id,code,factor_category,edit_flag,name,e_name) values ('7658945a476744580147674eef120116', 'w20116','3333ae2734d64bbe8b598af6c6610009',0,'总铬', 'Chromium(total)');
insert into t_factor_index(id,code,factor_category,edit_flag,name,e_name) values ('7658945a476744580147674eef120117', 'w20117','3333ae2734d64bbe8b598af6c6610009',0,'六价铬', 'Chromium (VI) Compounds');
insert into t_factor_index(id,code,factor_category,edit_flag,name,e_name) values ('7658945a476744580147674eef120118', 'w20118','3333ae2734d64bbe8b598af6c6610009',0,'三价铬', 'Chromium (III) Compounds');
insert into t_factor_index(id,code,factor_category,edit_flag,name,e_name) values ('7658945a476744580147674eef120119', 'w20119','3333ae2734d64bbe8b598af6c6610009',0,'总砷', 'Arsenic(total)');
insert into t_factor_index(id,code,factor_category,edit_flag,name,e_name) values ('7658945a476744580147674eef120120', 'w20120','3333ae2734d64bbe8b598af6c6610009',0,'总铅', 'Lead(total)');
insert into t_factor_index(id,code,factor_category,edit_flag,name,e_name) values ('7658945a476744580147674eef120121', 'w20121','3333ae2734d64bbe8b598af6c6610009',0,'总镍', 'Nickel(total)');
insert into t_factor_index(id,code,factor_category,edit_flag,name,e_name) values ('7658945a476744580147674eef120122', 'w20122','3333ae2734d64bbe8b598af6c6610009',0,'总铜', 'Copper(total)');
insert into t_factor_index(id,code,factor_category,edit_flag,name,e_name) values ('7658945a476744580147674eef120123', 'w20123','3333ae2734d64bbe8b598af6c6610009',0,'总锌', 'Zinc(total)');
insert into t_factor_index(id,code,factor_category,edit_flag,name,e_name) values ('7658945a476744580147674eef120124', 'w20124','3333ae2734d64bbe8b598af6c6610009',0,'总锰', 'Manganese(total)');
insert into t_factor_index(id,code,factor_category,edit_flag,name,e_name) values ('7658945a476744580147674eef120125', 'w20125','3333ae2734d64bbe8b598af6c6610009',0,'总铁', 'Iron(total)');
insert into t_factor_index(id,code,factor_category,edit_flag,name,e_name) values ('7658945a476744580147674eef120126', 'w20126','3333ae2734d64bbe8b598af6c6610009',0,'总银', 'Silver(total)');
insert into t_factor_index(id,code,factor_category,edit_flag,name,e_name) values ('7658945a476744580147674eef120127', 'w20127','3333ae2734d64bbe8b598af6c6610009',0,'总铍', 'Beryllium(total)');
insert into t_factor_index(id,code,factor_category,edit_flag,name,e_name) values ('7658945a476744580147674eef120128', 'w20128','3333ae2734d64bbe8b598af6c6610009',0,'总硒', 'Selenium(total)');
insert into t_factor_index(id,code,factor_category,edit_flag,name,e_name) values ('7658945a476744580147674eef120129', 'w20129','3333ae2734d64bbe8b598af6c6610009',0,'二烃基锡', 'Dialkyltins');
insert into t_factor_index(id,code,factor_category,edit_flag,name,e_name) values ('7658945a476744580147674eef120130', 'w20130','3333ae2734d64bbe8b598af6c6610009',0,'三丁基氧化锡', 'Tributin Oxide');
insert into t_factor_index(id,code,factor_category,edit_flag,name,e_name) values ('7658945a476744580147674eef120131', 'w20131','3333ae2734d64bbe8b598af6c6610009',0,'四乙基锡', 'Tetraethyltin');
insert into t_factor_index(id,code,factor_category,edit_flag,name,e_name) values ('7658945a476744580147674eef120132', 'w20132','3333ae2734d64bbe8b598af6c6610009',0,'三丁基锡', 'Tributyltin');
insert into t_factor_index(id,code,factor_category,edit_flag,name,e_name) values ('7658945a476744580147674eef120133', 'w20133','3333ae2734d64bbe8b598af6c6610009',0,'二氯二丁基锡', 'Dichloride Dibutyltin');
insert into t_factor_index(id,code,factor_category,edit_flag,name,e_name) values ('7658945a476744580147674eef120134', 'w20134','3333ae2734d64bbe8b598af6c6610009',0,'二丁基硫化锡', 'Dibutyltin Sulfide');
insert into t_factor_index(id,code,factor_category,edit_flag,name,e_name) values ('7658945a476744580147674eef120135', 'w20135','3333ae2734d64bbe8b598af6c6610009',0,'三苯基锡', 'Triphenyltin');
insert into t_factor_index(id,code,factor_category,edit_flag,name,e_name) values ('7658945a476744580147674eef120136', 'w20136','3333ae2734d64bbe8b598af6c6610009',0,'甲基汞', 'Methyl Mercury');
insert into t_factor_index(id,code,factor_category,edit_flag,name,e_name) values ('7658945a476744580147674eef120137', 'w20137','3333ae2734d64bbe8b598af6c6610009',0,'二乙基汞', 'Diethyl Mercury');

/**因子指标插入-------'非金属无机物'------**/
insert into t_factor_index(id,code,factor_category,edit_flag,name,e_name) values ('7658945a476744580147674eef121001', 'w21001','3333ae2734d64bbe8b598af6c6610010',0,'总氮（以N计）', 'Nitrogen (total)');
insert into t_factor_index(id,code,factor_category,edit_flag,name,e_name) values ('7658945a476744580147674eef121002', 'w21002','3333ae2734d64bbe8b598af6c6610010',0,'无机氮', 'Inorganic Nitrogen');
insert into t_factor_index(id,code,factor_category,edit_flag,name,e_name) values ('7658945a476744580147674eef121003', 'w21003','3333ae2734d64bbe8b598af6c6610010',0,'氨氮(NH3-N)', 'Ammonnia-Nitrogen');
insert into t_factor_index(id,code,factor_category,edit_flag,name,e_name) values ('7658945a476744580147674eef121004', 'w21004','3333ae2734d64bbe8b598af6c6610010',0,'凯氏氮', 'Kjeldahl Nitrogen');
insert into t_factor_index(id,code,factor_category,edit_flag,name,e_name) values ('7658945a476744580147674eef121005', 'w21005','3333ae2734d64bbe8b598af6c6610010',0,'非离子氨', 'Nnionized Ammonia (UIA),');
insert into t_factor_index(id,code,factor_category,edit_flag,name,e_name) values ('7658945a476744580147674eef121006', 'w21006','3333ae2734d64bbe8b598af6c6610010',0,'亚硝酸盐', 'Nitrite');
insert into t_factor_index(id,code,factor_category,edit_flag,name,e_name) values ('7658945a476744580147674eef121007', 'w21007','3333ae2734d64bbe8b598af6c6610010',0,'硝酸盐（以 N 计）', 'Nitrate(Mesured as Nitrogen)');
insert into t_factor_index(id,code,factor_category,edit_flag,name,e_name) values ('7658945a476744580147674eef121008', 'w21008','3333ae2734d64bbe8b598af6c6610010',0,'肼', 'Hydrazine');
insert into t_factor_index(id,code,factor_category,edit_flag,name,e_name) values ('7658945a476744580147674eef121009', 'w21009','3333ae2734d64bbe8b598af6c6610010',0,'水合肼Hydrazine', 'hydrate');
insert into t_factor_index(id,code,factor_category,edit_flag,name,e_name) values ('7658945a476744580147674eef121010', 'w21010','3333ae2734d64bbe8b598af6c6610010',0,'叠氮化物（以 N 3 - 计）', 'Sodium Azide');
insert into t_factor_index(id,code,factor_category,edit_flag,name,e_name) values ('7658945a476744580147674eef121011', 'w21011','3333ae2734d64bbe8b598af6c6610010',0,'总磷(以 P 计）', 'Phosphorus(total)');
insert into t_factor_index(id,code,factor_category,edit_flag,name,e_name) values ('7658945a476744580147674eef121012', 'w21012','3333ae2734d64bbe8b598af6c6610010',0,'元素磷', 'Phosphorus');
insert into t_factor_index(id,code,factor_category,edit_flag,name,e_name) values ('7658945a476744580147674eef121013', 'w21013','3333ae2734d64bbe8b598af6c6610010',0,'黄磷', 'Yellow Phosphorus');
insert into t_factor_index(id,code,factor_category,edit_flag,name,e_name) values ('7658945a476744580147674eef121014', 'w21014','3333ae2734d64bbe8b598af6c6610010',0,'磷酸', 'Phosphoric Acid');
insert into t_factor_index(id,code,factor_category,edit_flag,name,e_name) values ('7658945a476744580147674eef121015', 'w21015','3333ae2734d64bbe8b598af6c6610010',0,'磷酸盐', 'Phosphate');
insert into t_factor_index(id,code,factor_category,edit_flag,name,e_name) values ('7658945a476744580147674eef121016', 'w21016','3333ae2734d64bbe8b598af6c6610010',0,'氰化物', 'Cyanide');
insert into t_factor_index(id,code,factor_category,edit_flag,name,e_name) values ('7658945a476744580147674eef121017', 'w21017','3333ae2734d64bbe8b598af6c6610010',0,'氟化物（以 F - 计）', 'Fluoride');
insert into t_factor_index(id,code,factor_category,edit_flag,name,e_name) values ('7658945a476744580147674eef121018', 'w21018','3333ae2734d64bbe8b598af6c6610010',0,'碘化物', 'Iodide');
insert into t_factor_index(id,code,factor_category,edit_flag,name,e_name) values ('7658945a476744580147674eef121019', 'w21019','3333ae2734d64bbe8b598af6c6610010',0,'硫化物', 'Sulphide');
insert into t_factor_index(id,code,factor_category,edit_flag,name,e_name) values ('7658945a476744580147674eef121020', 'w21020','3333ae2734d64bbe8b598af6c6610010',0,'溴化物', 'Bromide');
insert into t_factor_index(id,code,factor_category,edit_flag,name,e_name) values ('7658945a476744580147674eef121021', 'w21021','3333ae2734d64bbe8b598af6c6610010',0,'硫氰化物', 'Rhodanide');
insert into t_factor_index(id,code,factor_category,edit_flag,name,e_name) values ('7658945a476744580147674eef121022', 'w21022','3333ae2734d64bbe8b598af6c6610010',0,'氯化物（以 Cl - 计）', 'Chloride');
insert into t_factor_index(id,code,factor_category,edit_flag,name,e_name) values ('7658945a476744580147674eef121023', 'w21023','3333ae2734d64bbe8b598af6c6610010',0,'活性氯', 'Active Chlorine');
insert into t_factor_index(id,code,factor_category,edit_flag,name,e_name) values ('7658945a476744580147674eef121024', 'w21024','3333ae2734d64bbe8b598af6c6610010',0,'余氯', 'Residual Chlorine');
insert into t_factor_index(id,code,factor_category,edit_flag,name,e_name) values ('7658945a476744580147674eef121025', 'w21025','3333ae2734d64bbe8b598af6c6610010',0,'游离氯', 'Free Chlorine');
insert into t_factor_index(id,code,factor_category,edit_flag,name,e_name) values ('7658945a476744580147674eef121026', 'w21026','3333ae2734d64bbe8b598af6c6610010',0,'二氧化硫Sulfur', 'Dioxide');
insert into t_factor_index(id,code,factor_category,edit_flag,name,e_name) values ('7658945a476744580147674eef121027', 'w21027','3333ae2734d64bbe8b598af6c6610010',0,'石棉（纤维＞10 微米）', 'Asbestos (fiber>10micrometers)');
insert into t_factor_index(id,code,factor_category,edit_flag,name,e_name) values ('7658945a476744580147674eef121028', 'w21028','3333ae2734d64bbe8b598af6c6610010',0,'硫化氢', 'Hydrogen Sulfide');
insert into t_factor_index(id,code,factor_category,edit_flag,name,e_name) values ('7658945a476744580147674eef121029', 'w21029','3333ae2734d64bbe8b598af6c6610010',0,'碘', 'Iodine');
insert into t_factor_index(id,code,factor_category,edit_flag,name,e_name) values ('7658945a476744580147674eef121030', 'w21030','3333ae2734d64bbe8b598af6c6610010',0,'铁（Ⅱ、Ⅲ）氰络合物', 'Ferrocyanide');
insert into t_factor_index(id,code,factor_category,edit_flag,name,e_name) values ('7658945a476744580147674eef121031', 'w21031','3333ae2734d64bbe8b598af6c6610010',0,'氯化氰', 'Cyanogen Chloride');
insert into t_factor_index(id,code,factor_category,edit_flag,name,e_name) values ('7658945a476744580147674eef121032', 'w21032','3333ae2734d64bbe8b598af6c6610010',0,'酸度', 'Acidity');
insert into t_factor_index(id,code,factor_category,edit_flag,name,e_name) values ('7658945a476744580147674eef121033', 'w21033','3333ae2734d64bbe8b598af6c6610010',0,'碱度', 'Alkalinity');
insert into t_factor_index(id,code,factor_category,edit_flag,name,e_name) values ('7658945a476744580147674eef121034', 'w21034','3333ae2734d64bbe8b598af6c6610010',0,'游离碳酸', 'Free Carbonic aAcid');
insert into t_factor_index(id,code,factor_category,edit_flag,name,e_name) values ('7658945a476744580147674eef121035', 'w21035','3333ae2734d64bbe8b598af6c6610010',0,'盐酸', 'Hydrochloric Acid');
insert into t_factor_index(id,code,factor_category,edit_flag,name,e_name) values ('7658945a476744580147674eef121036', 'w21036','3333ae2734d64bbe8b598af6c6610010',0,'硫酸', 'Sulfuric Acid');
insert into t_factor_index(id,code,factor_category,edit_flag,name,e_name) values ('7658945a476744580147674eef121037', 'w21037','3333ae2734d64bbe8b598af6c6610010',0,'亚硫酸', 'Sulfurous Acid');
insert into t_factor_index(id,code,factor_category,edit_flag,name,e_name) values ('7658945a476744580147674eef121038', 'w21038','3333ae2734d64bbe8b598af6c6610010',0,'硫酸盐(以 SO 4 2- 计）', 'Sulfate');
insert into t_factor_index(id,code,factor_category,edit_flag,name,e_name) values ('7658945a476744580147674eef121039', 'w21039','3333ae2734d64bbe8b598af6c6610010',0,'亚硫酸盐', 'Sulfite');
insert into t_factor_index(id,code,factor_category,edit_flag,name,e_name) values ('7658945a476744580147674eef121040', 'w21040','3333ae2734d64bbe8b598af6c6610010',0,'氯化钠', 'Sodium Chloride');
insert into t_factor_index(id,code,factor_category,edit_flag,name,e_name) values ('7658945a476744580147674eef121041', 'w21041','3333ae2734d64bbe8b598af6c6610010',0,'碳酸钠', 'Sodium Carbonate');

/**因子指标插入-------'油类'------**/
insert into t_factor_index(id,code,factor_category,edit_flag,name,e_name) values ('7658945a476744580147674eef122001', 'w22001','3333ae2734d64bbe8b598af6c6610011',0,'石油类', 'Petroleum Oil');
insert into t_factor_index(id,code,factor_category,edit_flag,name,e_name) values ('7658945a476744580147674eef122002', 'w22002','3333ae2734d64bbe8b598af6c6610011',0,'动植物油', 'Animal and Vegetable Oils');
insert into t_factor_index(id,code,factor_category,edit_flag,name,e_name) values ('7658945a476744580147674eef122003', 'w22003','3333ae2734d64bbe8b598af6c6610011',0,'油', 'Oil');
insert into t_factor_index(id,code,factor_category,edit_flag,name,e_name) values ('7658945a476744580147674eef122004', 'w22004','3333ae2734d64bbe8b598af6c6610011',0,'煤油', 'Kerosine');
insert into t_factor_index(id,code,factor_category,edit_flag,name,e_name) values ('7658945a476744580147674eef122005', 'w22005','3333ae2734d64bbe8b598af6c6610011',0,'松油', 'Pine Oil');
insert into t_factor_index(id,code,factor_category,edit_flag,name,e_name) values ('7658945a476744580147674eef122006', 'w22006','3333ae2734d64bbe8b598af6c6610011',0,'塔罗油', 'Tall Oil');
insert into t_factor_index(id,code,factor_category,edit_flag,name,e_name) values ('7658945a476744580147674eef122007', 'w22007','3333ae2734d64bbe8b598af6c6610011',0,'松节油', 'Turpentine Oil');

/**因子指标插入-------'酚'------**/
insert into t_factor_index(id,code,factor_category,edit_flag,name,e_name) values ('7658945a476744580147674eef123001', 'w23001','3333ae2734d64bbe8b598af6c6610012',0,'酚类', 'Phenols');
insert into t_factor_index(id,code,factor_category,edit_flag,name,e_name) values ('7658945a476744580147674eef123002', 'w23002','3333ae2734d64bbe8b598af6c6610012',0,'挥发酚', 'Volatile Phenols');
insert into t_factor_index(id,code,factor_category,edit_flag,name,e_name) values ('7658945a476744580147674eef123003', 'w23003','3333ae2734d64bbe8b598af6c6610012',0,'苯酚', 'Hydroxybenzene');
insert into t_factor_index(id,code,factor_category,edit_flag,name,e_name) values ('7658945a476744580147674eef123004', 'w23004','3333ae2734d64bbe8b598af6c6610012',0,'4-甲基苯酚（对甲苯酚）', '4- Methylphenol');
insert into t_factor_index(id,code,factor_category,edit_flag,name,e_name) values ('7658945a476744580147674eef123005', 'w23005','3333ae2734d64bbe8b598af6c6610012',0,'2-甲基苯酚（邻甲苯酚）', '2- Methylphenol');
insert into t_factor_index(id,code,factor_category,edit_flag,name,e_name) values ('7658945a476744580147674eef123006', 'w23006','3333ae2734d64bbe8b598af6c6610012',0,'2，5-二甲苯酚', '2,5-Xylenol');
insert into t_factor_index(id,code,factor_category,edit_flag,name,e_name) values ('7658945a476744580147674eef123007', 'w23007','3333ae2734d64bbe8b598af6c6610012',0,'2，4-二甲苯酚', '2,4-Xylenol');
insert into t_factor_index(id,code,factor_category,edit_flag,name,e_name) values ('7658945a476744580147674eef123008', 'w23008','3333ae2734d64bbe8b598af6c6610012',0,'3，4-二甲苯酚', '3,4-Xylenol');
insert into t_factor_index(id,code,factor_category,edit_flag,name,e_name) values ('7658945a476744580147674eef123009', 'w23009','3333ae2734d64bbe8b598af6c6610012',0,'3，5-二甲苯酚', '3,5-Xylenol');
insert into t_factor_index(id,code,factor_category,edit_flag,name,e_name) values ('7658945a476744580147674eef123010', 'w23010','3333ae2734d64bbe8b598af6c6610012',0,'3-甲基-4-氯苯酚', '3-Methyl-4-Chlorophenol');
insert into t_factor_index(id,code,factor_category,edit_flag,name,e_name) values ('7658945a476744580147674eef123011', 'w23011','3333ae2734d64bbe8b598af6c6610012',0,'对氯-间甲苯酚', 'p-Choro-m-cresol');
insert into t_factor_index(id,code,factor_category,edit_flag,name,e_name) values ('7658945a476744580147674eef123012', 'w23012','3333ae2734d64bbe8b598af6c6610012',0,'苯二酚', 'Dihydroxybenzne');
insert into t_factor_index(id,code,factor_category,edit_flag,name,e_name) values ('7658945a476744580147674eef123013', 'w23013','3333ae2734d64bbe8b598af6c6610012',0,'1,3-苯二酚（间苯二酚）', '1,3-Benzenediol');
insert into t_factor_index(id,code,factor_category,edit_flag,name,e_name) values ('7658945a476744580147674eef123014', 'w23014','3333ae2734d64bbe8b598af6c6610012',0,'1,2-苯二酚（邻苯二酚）', '1,2-Benzenediol');
insert into t_factor_index(id,code,factor_category,edit_flag,name,e_name) values ('7658945a476744580147674eef123015', 'w23015','3333ae2734d64bbe8b598af6c6610012',0,'1,4-苯二酚（对苯二酚）', '1,4-Benzenediol');
insert into t_factor_index(id,code,factor_category,edit_flag,name,e_name) values ('7658945a476744580147674eef123016', 'w23016','3333ae2734d64bbe8b598af6c6610012',0,'5-甲基间苯二酚', '1,3-Dihydroxy-5-methylbenzene');
insert into t_factor_index(id,code,factor_category,edit_flag,name,e_name) values ('7658945a476744580147674eef123017', 'w23017','3333ae2734d64bbe8b598af6c6610012',0,'苯甲酚', 'Cresol');
insert into t_factor_index(id,code,factor_category,edit_flag,name,e_name) values ('7658945a476744580147674eef123018', 'w23018','3333ae2734d64bbe8b598af6c6610012',0,'间-甲酚', 'm-Methylphenol');
insert into t_factor_index(id,code,factor_category,edit_flag,name,e_name) values ('7658945a476744580147674eef123019', 'w23019','3333ae2734d64bbe8b598af6c6610012',0,'氯酚类', 'Chlorophenols');
insert into t_factor_index(id,code,factor_category,edit_flag,name,e_name) values ('7658945a476744580147674eef123020', 'w23020','3333ae2734d64bbe8b598af6c6610012',0,'2，4-二氯苯酚', '2,4-Dichlorophenol');
insert into t_factor_index(id,code,factor_category,edit_flag,name,e_name) values ('7658945a476744580147674eef123021', 'w23021','3333ae2734d64bbe8b598af6c6610012',0,'对氯苯酚', '4-Chloro phenol');
insert into t_factor_index(id,code,factor_category,edit_flag,name,e_name) values ('7658945a476744580147674eef123022', 'w23022','3333ae2734d64bbe8b598af6c6610012',0,'2，4，6-三氯苯酚', '2,4,6-Trichlorophenol');
insert into t_factor_index(id,code,factor_category,edit_flag,name,e_name) values ('7658945a476744580147674eef123023', 'w23023','3333ae2734d64bbe8b598af6c6610012',0,'2-氯酚', '2-Chlorophenol');
insert into t_factor_index(id,code,factor_category,edit_flag,name,e_name) values ('7658945a476744580147674eef123024', 'w23024','3333ae2734d64bbe8b598af6c6610012',0,'2，4，5-三氯酚', '2,4,5-Trichlorophenol');
insert into t_factor_index(id,code,factor_category,edit_flag,name,e_name) values ('7658945a476744580147674eef123025', 'w23025','3333ae2734d64bbe8b598af6c6610012',0,'五氯酚', 'Pentachlorophenol');
insert into t_factor_index(id,code,factor_category,edit_flag,name,e_name) values ('7658945a476744580147674eef123026', 'w23026','3333ae2734d64bbe8b598af6c6610012',0,'五氯酚钠', 'Sodium Pentachlorophenate');
insert into t_factor_index(id,code,factor_category,edit_flag,name,e_name) values ('7658945a476744580147674eef123027', 'w23027','3333ae2734d64bbe8b598af6c6610012',0,'双酚', ' A2,2-Di(4-hydroxyphenyl)propane');
insert into t_factor_index(id,code,factor_category,edit_flag,name,e_name) values ('7658945a476744580147674eef123028', 'w23028','3333ae2734d64bbe8b598af6c6610012',0,'硝基酚类', 'Nitrophenols');
insert into t_factor_index(id,code,factor_category,edit_flag,name,e_name) values ('7658945a476744580147674eef123029', 'w23029','3333ae2734d64bbe8b598af6c6610012',0,'间硝基苯酚', 'm-Nitrophenol');
insert into t_factor_index(id,code,factor_category,edit_flag,name,e_name) values ('7658945a476744580147674eef123030', 'w23030','3333ae2734d64bbe8b598af6c6610012',0,'邻硝基苯酚', 'o-Nitrophenol');
insert into t_factor_index(id,code,factor_category,edit_flag,name,e_name) values ('7658945a476744580147674eef123031', 'w23031','3333ae2734d64bbe8b598af6c6610012',0,'对硝基苯酚', 'p-Nitrophenol');
insert into t_factor_index(id,code,factor_category,edit_flag,name,e_name) values ('7658945a476744580147674eef123032', 'w23032','3333ae2734d64bbe8b598af6c6610012',0,'二硝基苯酚', 'Dinitrophenols');
insert into t_factor_index(id,code,factor_category,edit_flag,name,e_name) values ('7658945a476744580147674eef123033', 'w23033','3333ae2734d64bbe8b598af6c6610012',0,'2，4-二硝基苯酚', '2,4-Dinitrophenol');
insert into t_factor_index(id,code,factor_category,edit_flag,name,e_name) values ('7658945a476744580147674eef123034', 'w23034','3333ae2734d64bbe8b598af6c6610012',0,'2-甲-4，6-二硝苯酚', '2-Methyl-4,6-dinitrophenol');
insert into t_factor_index(id,code,factor_category,edit_flag,name,e_name) values ('7658945a476744580147674eef123035', 'w23035','3333ae2734d64bbe8b598af6c6610012',0,'4，6-二硝基-对甲苯酚', '4,6-Dinitro-p-cresol');
insert into t_factor_index(id,code,factor_category,edit_flag,name,e_name) values ('7658945a476744580147674eef123036', 'w23036','3333ae2734d64bbe8b598af6c6610012',0,'2，4，6-三硝基酚（苦味酸）', '2,4,6-Trinitrophenol');
insert into t_factor_index(id,code,factor_category,edit_flag,name,e_name) values ('7658945a476744580147674eef123037', 'w23037','3333ae2734d64bbe8b598af6c6610012',0,'α-萘酚', 'α-Naphthol');
insert into t_factor_index(id,code,factor_category,edit_flag,name,e_name) values ('7658945a476744580147674eef123038', 'w23038','3333ae2734d64bbe8b598af6c6610012',0,'β-萘酚', 'β-Naphthol');

/**因子指标插入------- '脂肪烃和卤代脂肪烃'------**/
insert into t_factor_index(id,code,factor_category,edit_flag,name,e_name) values ('7658945a476744580147674eef124001', 'w24001','3333ae2734d64bbe8b598af6c6610013',0,'挥发性卤代烃', 'Volatile halohydrocarbon');
insert into t_factor_index(id,code,factor_category,edit_flag,name,e_name) values ('7658945a476744580147674eef124002', 'w24002','3333ae2734d64bbe8b598af6c6610013',0,'一氯甲烷', 'Chloromethane');
insert into t_factor_index(id,code,factor_category,edit_flag,name,e_name) values ('7658945a476744580147674eef124003', 'w24003','3333ae2734d64bbe8b598af6c6610013',0,'二氯甲烷', 'Dichloromethane');
insert into t_factor_index(id,code,factor_category,edit_flag,name,e_name) values ('7658945a476744580147674eef124004', 'w24004','3333ae2734d64bbe8b598af6c6610013',0,'三氯甲烷', 'Trichloromethane');
insert into t_factor_index(id,code,factor_category,edit_flag,name,e_name) values ('7658945a476744580147674eef124005', 'w24005','3333ae2734d64bbe8b598af6c6610013',0,'四氯甲烷 （四氯化碳）', 'Tetrachloromethane');
insert into t_factor_index(id,code,factor_category,edit_flag,name,e_name) values ('7658945a476744580147674eef124006', 'w24006','3333ae2734d64bbe8b598af6c6610013',0,'一氯二溴甲烷', 'Dibromochloromethane');
insert into t_factor_index(id,code,factor_category,edit_flag,name,e_name) values ('7658945a476744580147674eef124007', 'w24007','3333ae2734d64bbe8b598af6c6610013',0,'二氯一溴甲烷', 'Bromodichloromethane');
insert into t_factor_index(id,code,factor_category,edit_flag,name,e_name) values ('7658945a476744580147674eef124008', 'w24008','3333ae2734d64bbe8b598af6c6610013',0,'溴甲烷', 'Bromomethane');
insert into t_factor_index(id,code,factor_category,edit_flag,name,e_name) values ('7658945a476744580147674eef124009', 'w24009','3333ae2734d64bbe8b598af6c6610013',0,'三溴甲烷', 'Tribromomethane');
insert into t_factor_index(id,code,factor_category,edit_flag,name,e_name) values ('7658945a476744580147674eef124010', 'w24010','3333ae2734d64bbe8b598af6c6610013',0,'硝基甲烷', 'Nitromethane');
insert into t_factor_index(id,code,factor_category,edit_flag,name,e_name) values ('7658945a476744580147674eef124011', 'w24011','3333ae2734d64bbe8b598af6c6610013',0,'三硝基甲烷', 'Trinitromethane');
insert into t_factor_index(id,code,factor_category,edit_flag,name,e_name) values ('7658945a476744580147674eef124012', 'w24012','3333ae2734d64bbe8b598af6c6610013',0,'四硝基甲烷', 'Tetranitromethane');
insert into t_factor_index(id,code,factor_category,edit_flag,name,e_name) values ('7658945a476744580147674eef124013', 'w24013','3333ae2734d64bbe8b598af6c6610013',0,'三氯硝基甲烷', 'Nitrotrichloromethane');
insert into t_factor_index(id,code,factor_category,edit_flag,name,e_name) values ('7658945a476744580147674eef124014', 'w24014','3333ae2734d64bbe8b598af6c6610013',0,'二氰甲烷（丙二腈）', 'Propanedinitrile');
insert into t_factor_index(id,code,factor_category,edit_flag,name,e_name) values ('7658945a476744580147674eef124015', 'w24015','3333ae2734d64bbe8b598af6c6610013',0,'氯乙烷', 'Chloroethane');
insert into t_factor_index(id,code,factor_category,edit_flag,name,e_name) values ('7658945a476744580147674eef124016', 'w24016','3333ae2734d64bbe8b598af6c6610013',0,'1，1-二氯乙烷', '1,1-Dichloroethene');
insert into t_factor_index(id,code,factor_category,edit_flag,name,e_name) values ('7658945a476744580147674eef124017', 'w24017','3333ae2734d64bbe8b598af6c6610013',0,'1，2-二氯乙烷', '1,2-Dichloroethane');
insert into t_factor_index(id,code,factor_category,edit_flag,name,e_name) values ('7658945a476744580147674eef124018', 'w24018','3333ae2734d64bbe8b598af6c6610013',0,'1，1，1-三氯乙烷', '1,1,1-Trichloroethane');
insert into t_factor_index(id,code,factor_category,edit_flag,name,e_name) values ('7658945a476744580147674eef124019', 'w24019','3333ae2734d64bbe8b598af6c6610013',0,'1，1，2-三氯乙烷', '1,1,2-Trichloroethane');
insert into t_factor_index(id,code,factor_category,edit_flag,name,e_name) values ('7658945a476744580147674eef124020', 'w24020','3333ae2734d64bbe8b598af6c6610013',0,'1，1，2，2-四氯乙烷', '1,1,2,2-Tetrachloroethane');
insert into t_factor_index(id,code,factor_category,edit_flag,name,e_name) values ('7658945a476744580147674eef124021', 'w24021','3333ae2734d64bbe8b598af6c6610013',0,'六氯乙烷', 'Hexachloroethane');
insert into t_factor_index(id,code,factor_category,edit_flag,name,e_name) values ('7658945a476744580147674eef124022', 'w24022','3333ae2734d64bbe8b598af6c6610013',0,'硝基乙烷', 'Nitroethane');
insert into t_factor_index(id,code,factor_category,edit_flag,name,e_name) values ('7658945a476744580147674eef124023', 'w24023','3333ae2734d64bbe8b598af6c6610013',0,'1，2-二氰基乙烷（丁二腈）', '1,2-Dicyanoethane');
insert into t_factor_index(id,code,factor_category,edit_flag,name,e_name) values ('7658945a476744580147674eef124024', 'w24024','3333ae2734d64bbe8b598af6c6610013',0,'环氧氯丙烷', 'Epichlorohydrin');
insert into t_factor_index(id,code,factor_category,edit_flag,name,e_name) values ('7658945a476744580147674eef124025', 'w24025','3333ae2734d64bbe8b598af6c6610013',0,'五氯丙烷', 'Pentachloropropane');
insert into t_factor_index(id,code,factor_category,edit_flag,name,e_name) values ('7658945a476744580147674eef124026', 'w24026','3333ae2734d64bbe8b598af6c6610013',0,'1，2-二氯-2-甲基丙烷', '1,2-Dichloro-2-Methylpropane');
insert into t_factor_index(id,code,factor_category,edit_flag,name,e_name) values ('7658945a476744580147674eef124027', 'w24027','3333ae2734d64bbe8b598af6c6610013',0,'1，2-二氯丙烷', '1,2-Dichloropropane');
insert into t_factor_index(id,code,factor_category,edit_flag,name,e_name) values ('7658945a476744580147674eef124028', 'w24028','3333ae2734d64bbe8b598af6c6610013',0,'1，3-二氯丙烷', '1,3-Dichloropropane');
insert into t_factor_index(id,code,factor_category,edit_flag,name,e_name) values ('7658945a476744580147674eef124029', 'w24029','3333ae2734d64bbe8b598af6c6610013',0,'1，2-二溴-3-氯丙烷', '1,2-Dibromo-3-chloropropane (DBCP)');
insert into t_factor_index(id,code,factor_category,edit_flag,name,e_name) values ('7658945a476744580147674eef124030', 'w24030','3333ae2734d64bbe8b598af6c6610013',0,'1，3-二苯基丙烷', '1,3-Diphenylpropane');
insert into t_factor_index(id,code,factor_category,edit_flag,name,e_name) values ('7658945a476744580147674eef124031', 'w24031','3333ae2734d64bbe8b598af6c6610013',0,'2，2-二苯基丙烷', '2,2-Diphenylpropane');
insert into t_factor_index(id,code,factor_category,edit_flag,name,e_name) values ('7658945a476744580147674eef124032', 'w24032','3333ae2734d64bbe8b598af6c6610013',0,'硝基丙烷', 'Nitropropane');
insert into t_factor_index(id,code,factor_category,edit_flag,name,e_name) values ('7658945a476744580147674eef124033', 'w24033','3333ae2734d64bbe8b598af6c6610013',0,'四氯丙烷', 'Tetrachloropropane');
insert into t_factor_index(id,code,factor_category,edit_flag,name,e_name) values ('7658945a476744580147674eef124034', 'w24034','3333ae2734d64bbe8b598af6c6610013',0,'1，1，1，3，3—五氯丁烷', '1，1，1，3，3-Pentachlorobutane');
insert into t_factor_index(id,code,factor_category,edit_flag,name,e_name) values ('7658945a476744580147674eef124035', 'w24035','3333ae2734d64bbe8b598af6c6610013',0,'1，1，1，5-四氯戊烷', '1,1,1,5-Tetrachloropentane');
insert into t_factor_index(id,code,factor_category,edit_flag,name,e_name) values ('7658945a476744580147674eef124036', 'w24036','3333ae2734d64bbe8b598af6c6610013',0,'环己烷', 'Cyclohexane');
insert into t_factor_index(id,code,factor_category,edit_flag,name,e_name) values ('7658945a476744580147674eef124037', 'w24037','3333ae2734d64bbe8b598af6c6610013',0,'硝基环己烷', 'Nitrocyclohexane');
insert into t_factor_index(id,code,factor_category,edit_flag,name,e_name) values ('7658945a476744580147674eef124038', 'w24038','3333ae2734d64bbe8b598af6c6610013',0,'1，4-二氯环己烷', '1,4-Dichlorocyclohexane');
insert into t_factor_index(id,code,factor_category,edit_flag,name,e_name) values ('7658945a476744580147674eef124039', 'w24039','3333ae2734d64bbe8b598af6c6610013',0,'氯代环己烷', 'Chlorocyclohexane');
insert into t_factor_index(id,code,factor_category,edit_flag,name,e_name) values ('7658945a476744580147674eef124040', 'w24040','3333ae2734d64bbe8b598af6c6610013',0,'1，4-氧氮杂环己烷（吗啉）', 'Morpholine');
insert into t_factor_index(id,code,factor_category,edit_flag,name,e_name) values ('7658945a476744580147674eef124041', 'w24041','3333ae2734d64bbe8b598af6c6610013',0,'氟三氯甲烷', 'Trichorofluoromethane');
insert into t_factor_index(id,code,factor_category,edit_flag,name,e_name) values ('7658945a476744580147674eef124042', 'w24042','3333ae2734d64bbe8b598af6c6610013',0,'二氟二氯甲烷（氟氯昂-12）', 'Difluoro Dichloromethane');
insert into t_factor_index(id,code,factor_category,edit_flag,name,e_name) values ('7658945a476744580147674eef124043', 'w24043','3333ae2734d64bbe8b598af6c6610013',0,'二氟氯甲烷（氟氯昂-22）', 'Chlorodifluoromethane');
insert into t_factor_index(id,code,factor_category,edit_flag,name,e_name) values ('7658945a476744580147674eef124044', 'w24044','3333ae2734d64bbe8b598af6c6610013',0,'3，3，3-三氟-1 氯丙烷（氟利昂-253）', 'Freon-253');
insert into t_factor_index(id,code,factor_category,edit_flag,name,e_name) values ('7658945a476744580147674eef124045', 'w24045','3333ae2734d64bbe8b598af6c6610013',0,'乙烯', 'Ethylene');
insert into t_factor_index(id,code,factor_category,edit_flag,name,e_name) values ('7658945a476744580147674eef124046', 'w24046','3333ae2734d64bbe8b598af6c6610013',0,'氯乙烯', 'Vinyl Chloride');
insert into t_factor_index(id,code,factor_category,edit_flag,name,e_name) values ('7658945a476744580147674eef124047', 'w24047','3333ae2734d64bbe8b598af6c6610013',0,'1，1-二氯乙烯', '1,1-Dichloroethylene');
insert into t_factor_index(id,code,factor_category,edit_flag,name,e_name) values ('7658945a476744580147674eef124048', 'w24048','3333ae2734d64bbe8b598af6c6610013',0,'1，2-二氯乙烯', '1,2-Dichloroethylene');
insert into t_factor_index(id,code,factor_category,edit_flag,name,e_name) values ('7658945a476744580147674eef124049', 'w24049','3333ae2734d64bbe8b598af6c6610013',0,'三氯乙烯', 'Trichloroethylene');
insert into t_factor_index(id,code,factor_category,edit_flag,name,e_name) values ('7658945a476744580147674eef124050', 'w24050','3333ae2734d64bbe8b598af6c6610013',0,'四氯乙烯', 'Tetrachloroethylene');
insert into t_factor_index(id,code,factor_category,edit_flag,name,e_name) values ('7658945a476744580147674eef124051', 'w24051','3333ae2734d64bbe8b598af6c6610013',0,'二溴乙烯', 'Dibromoethylene');
insert into t_factor_index(id,code,factor_category,edit_flag,name,e_name) values ('7658945a476744580147674eef124052', 'w24052','3333ae2734d64bbe8b598af6c6610013',0,'α-甲基苯乙烯', 'α-Methylstyrene');
insert into t_factor_index(id,code,factor_category,edit_flag,name,e_name) values ('7658945a476744580147674eef124053', 'w24053','3333ae2734d64bbe8b598af6c6610013',0,'丙烯', 'Propylene');
insert into t_factor_index(id,code,factor_category,edit_flag,name,e_name) values ('7658945a476744580147674eef124054', 'w24054','3333ae2734d64bbe8b598af6c6610013',0,'1，3-二氯丙烯', '1,3-Dichloropropene');
insert into t_factor_index(id,code,factor_category,edit_flag,name,e_name) values ('7658945a476744580147674eef124055', 'w24055','3333ae2734d64bbe8b598af6c6610013',0,'3，3-二氯-2-甲基丙烯-[1]', '2,3-Dichloro-2-methyl-1-propene');
insert into t_factor_index(id,code,factor_category,edit_flag,name,e_name) values ('7658945a476744580147674eef124056', 'w24056','3333ae2734d64bbe8b598af6c6610013',0,'2，3-二氯丙烯-[1]', '2,3-Dichloro-1-propene');
insert into t_factor_index(id,code,factor_category,edit_flag,name,e_name) values ('7658945a476744580147674eef124057', 'w24057','3333ae2734d64bbe8b598af6c6610013',0,'三氯丙烯', 'Trichloropropylene');
insert into t_factor_index(id,code,factor_category,edit_flag,name,e_name) values ('7658945a476744580147674eef124058', 'w24058','3333ae2734d64bbe8b598af6c6610013',0,'异丁烯', 'Isobutene');
insert into t_factor_index(id,code,factor_category,edit_flag,name,e_name) values ('7658945a476744580147674eef124059', 'w24059','3333ae2734d64bbe8b598af6c6610013',0,'1，3-二氯丁烯-[2]', '1,3-Dichloro-2-butene');
insert into t_factor_index(id,code,factor_category,edit_flag,name,e_name) values ('7658945a476744580147674eef124060', 'w24060','3333ae2734d64bbe8b598af6c6610013',0,'丁二烯', 'Butadiene');
insert into t_factor_index(id,code,factor_category,edit_flag,name,e_name) values ('7658945a476744580147674eef124061', 'w24061','3333ae2734d64bbe8b598af6c6610013',0,'异戊二烯', 'Isoprene');
insert into t_factor_index(id,code,factor_category,edit_flag,name,e_name) values ('7658945a476744580147674eef124062', 'w24062','3333ae2734d64bbe8b598af6c6610013',0,'氯丁二烯', 'Chloroprene');
insert into t_factor_index(id,code,factor_category,edit_flag,name,e_name) values ('7658945a476744580147674eef124063', 'w24063','3333ae2734d64bbe8b598af6c6610013',0,'氯丁二烯-[1，3]', 'Chloro-1,3-butadiene');
insert into t_factor_index(id,code,factor_category,edit_flag,name,e_name) values ('7658945a476744580147674eef124064', 'w24064','3333ae2734d64bbe8b598af6c6610013',0,'六氯丁二烯', 'Hexachlorobutadiene');
insert into t_factor_index(id,code,factor_category,edit_flag,name,e_name) values ('7658945a476744580147674eef124065', 'w24065','3333ae2734d64bbe8b598af6c6610013',0,'六氯环戊二烯', 'Hexachlorocyclopentadiene');
insert into t_factor_index(id,code,factor_category,edit_flag,name,e_name) values ('7658945a476744580147674eef124066', 'w24066','3333ae2734d64bbe8b598af6c6610013',0,'二聚环戊二烯', 'Dicyclopentadiene');
insert into t_factor_index(id,code,factor_category,edit_flag,name,e_name) values ('7658945a476744580147674eef124067', 'w24067','3333ae2734d64bbe8b598af6c6610013',0,'环己烯', 'Cyclohexene');
insert into t_factor_index(id,code,factor_category,edit_flag,name,e_name) values ('7658945a476744580147674eef124068', 'w24068','3333ae2734d64bbe8b598af6c6610013',0,'乙烯基乙炔', 'Vinyl acetylene');
insert into t_factor_index(id,code,factor_category,edit_flag,name,e_name) values ('7658945a476744580147674eef124069', 'w24069','3333ae2734d64bbe8b598af6c6610013',0,'七氯', 'Heptachlor');

/**因子指标插入------- '芳香族化合物'------**/
insert into t_factor_index(id,code,factor_category,edit_flag,name,e_name) values ('7658945a476744580147674eef125001', 'w25001','3333ae2734d64bbe8b598af6c6610014',0,'苯系物', 'Benzene series');
insert into t_factor_index(id,code,factor_category,edit_flag,name,e_name) values ('7658945a476744580147674eef125002', 'w25002','3333ae2734d64bbe8b598af6c6610014',0,'苯', 'Benzene');
insert into t_factor_index(id,code,factor_category,edit_flag,name,e_name) values ('7658945a476744580147674eef125003', 'w25003','3333ae2734d64bbe8b598af6c6610014',0,'甲苯', 'Toluene');
insert into t_factor_index(id,code,factor_category,edit_flag,name,e_name) values ('7658945a476744580147674eef125004', 'w25004','3333ae2734d64bbe8b598af6c6610014',0,'乙苯', 'Ethylbenzene');
insert into t_factor_index(id,code,factor_category,edit_flag,name,e_name) values ('7658945a476744580147674eef125005', 'w25005','3333ae2734d64bbe8b598af6c6610014',0,'二甲苯', 'Xylene');
insert into t_factor_index(id,code,factor_category,edit_flag,name,e_name) values ('7658945a476744580147674eef125006', 'w25006','3333ae2734d64bbe8b598af6c6610014',0,'邻二甲苯', 'o-Xylenes');
insert into t_factor_index(id,code,factor_category,edit_flag,name,e_name) values ('7658945a476744580147674eef125007', 'w25007','3333ae2734d64bbe8b598af6c6610014',0,'对二甲苯', 'p-Xylenes');
insert into t_factor_index(id,code,factor_category,edit_flag,name,e_name) values ('7658945a476744580147674eef125008', 'w25008','3333ae2734d64bbe8b598af6c6610014',0,'间二甲苯', 'm-Xylenes');
insert into t_factor_index(id,code,factor_category,edit_flag,name,e_name) values ('7658945a476744580147674eef125009', 'w25009','3333ae2734d64bbe8b598af6c6610014',0,'氯代苯类', 'Chlorobenzenes');
insert into t_factor_index(id,code,factor_category,edit_flag,name,e_name) values ('7658945a476744580147674eef125010', 'w25010','3333ae2734d64bbe8b598af6c6610014',0,'氯苯', 'Chlorobenzene');
insert into t_factor_index(id,code,factor_category,edit_flag,name,e_name) values ('7658945a476744580147674eef125011', 'w25011','3333ae2734d64bbe8b598af6c6610014',0,'1，2-二氯苯', '1,2-Dichlorobenzene');
insert into t_factor_index(id,code,factor_category,edit_flag,name,e_name) values ('7658945a476744580147674eef125012', 'w25012','3333ae2734d64bbe8b598af6c6610014',0,'1，3-二氯苯', '1,3-Dichlorobenzene');
insert into t_factor_index(id,code,factor_category,edit_flag,name,e_name) values ('7658945a476744580147674eef125013', 'w25013','3333ae2734d64bbe8b598af6c6610014',0,'1，4-二氯苯', '1,4-Dichlorobenzene');
insert into t_factor_index(id,code,factor_category,edit_flag,name,e_name) values ('7658945a476744580147674eef125014', 'w25014','3333ae2734d64bbe8b598af6c6610014',0,'三氯苯（总）', 'Trichlorobenzenes');
insert into t_factor_index(id,code,factor_category,edit_flag,name,e_name) values ('7658945a476744580147674eef125015', 'w25015','3333ae2734d64bbe8b598af6c6610014',0,'1，2，4-三氯苯', '1,2,4-Trichlorobenzene');
insert into t_factor_index(id,code,factor_category,edit_flag,name,e_name) values ('7658945a476744580147674eef125016', 'w25016','3333ae2734d64bbe8b598af6c6610014',0,'四氯苯', 'Tetrachlorobenzene');
insert into t_factor_index(id,code,factor_category,edit_flag,name,e_name) values ('7658945a476744580147674eef125017', 'w25017','3333ae2734d64bbe8b598af6c6610014',0,'1，2，4，5-四氯苯', '1,2,4,5-Tetrachlorobenzene');
insert into t_factor_index(id,code,factor_category,edit_flag,name,e_name) values ('7658945a476744580147674eef125018', 'w25018','3333ae2734d64bbe8b598af6c6610014',0,'五氯苯', 'Pentachlorobenzene');
insert into t_factor_index(id,code,factor_category,edit_flag,name,e_name) values ('7658945a476744580147674eef125019', 'w25019','3333ae2734d64bbe8b598af6c6610014',0,'六氯苯', 'Hexachlorobenzene');
insert into t_factor_index(id,code,factor_category,edit_flag,name,e_name) values ('7658945a476744580147674eef125020', 'w25020','3333ae2734d64bbe8b598af6c6610014',0,'硝基氯苯', 'Nitrochlorobenzenes');
insert into t_factor_index(id,code,factor_category,edit_flag,name,e_name) values ('7658945a476744580147674eef125021', 'w25021','3333ae2734d64bbe8b598af6c6610014',0,'对硝基氯苯', 'p-Chloronitrobenzene');
insert into t_factor_index(id,code,factor_category,edit_flag,name,e_name) values ('7658945a476744580147674eef125022', 'w25022','3333ae2734d64bbe8b598af6c6610014',0,'2，4-二硝基氯苯', '2,4-dinitrochlorobenzene');
insert into t_factor_index(id,code,factor_category,edit_flag,name,e_name) values ('7658945a476744580147674eef125023', 'w25023','3333ae2734d64bbe8b598af6c6610014',0,'硝基苯类', 'Nitrobenzene');
insert into t_factor_index(id,code,factor_category,edit_flag,name,e_name) values ('7658945a476744580147674eef125024', 'w25024','3333ae2734d64bbe8b598af6c6610014',0,'二硝基甲苯', 'Dinitrotoluene');
insert into t_factor_index(id,code,factor_category,edit_flag,name,e_name) values ('7658945a476744580147674eef125025', 'w25025','3333ae2734d64bbe8b598af6c6610014',0,'三硝基甲苯', 'Trinitrotoluene');
insert into t_factor_index(id,code,factor_category,edit_flag,name,e_name) values ('7658945a476744580147674eef125026', 'w25026','3333ae2734d64bbe8b598af6c6610014',0,'环三亚甲基三硝胺(黑索今）', 'Cyclotrimethylene trinitramine (RDX)');
insert into t_factor_index(id,code,factor_category,edit_flag,name,e_name) values ('7658945a476744580147674eef125027', 'w25027','3333ae2734d64bbe8b598af6c6610014',0,'二硝基苯', 'Dinitrotoluene');
insert into t_factor_index(id,code,factor_category,edit_flag,name,e_name) values ('7658945a476744580147674eef125028', 'w25028','3333ae2734d64bbe8b598af6c6610014',0,'邻硝基甲苯', 'o-Nitrotoluene');
insert into t_factor_index(id,code,factor_category,edit_flag,name,e_name) values ('7658945a476744580147674eef125029', 'w25029','3333ae2734d64bbe8b598af6c6610014',0,'对硝基甲苯', 'p-Nitrotoluene');
insert into t_factor_index(id,code,factor_category,edit_flag,name,e_name) values ('7658945a476744580147674eef125030', 'w25030','3333ae2734d64bbe8b598af6c6610014',0,'2，4-二硝基甲苯', '2,4-Dinitrotoluene');
insert into t_factor_index(id,code,factor_category,edit_flag,name,e_name) values ('7658945a476744580147674eef125031', 'w25031','3333ae2734d64bbe8b598af6c6610014',0,'2，6-二硝基甲苯', '2,6-dDinitrotoluene');
insert into t_factor_index(id,code,factor_category,edit_flag,name,e_name) values ('7658945a476744580147674eef125032', 'w25032','3333ae2734d64bbe8b598af6c6610014',0,'2，4，6-三硝基甲苯', '2,4,6-Drinitrotoluene');
insert into t_factor_index(id,code,factor_category,edit_flag,name,e_name) values ('7658945a476744580147674eef125033', 'w25033','3333ae2734d64bbe8b598af6c6610014',0,'丙苯', 'n-Propylbenzene');
insert into t_factor_index(id,code,factor_category,edit_flag,name,e_name) values ('7658945a476744580147674eef125034', 'w25034','3333ae2734d64bbe8b598af6c6610014',0,'异丙苯', 'Isopropylbenzene');
insert into t_factor_index(id,code,factor_category,edit_flag,name,e_name) values ('7658945a476744580147674eef125035', 'w25035','3333ae2734d64bbe8b598af6c6610014',0,'间二异丙基苯', '1,3-Diisopropylbenzene');
insert into t_factor_index(id,code,factor_category,edit_flag,name,e_name) values ('7658945a476744580147674eef125036', 'w25036','3333ae2734d64bbe8b598af6c6610014',0,'对二异丙基苯', '1,4-Diisopropylbenzene');
insert into t_factor_index(id,code,factor_category,edit_flag,name,e_name) values ('7658945a476744580147674eef125037', 'w25037','3333ae2734d64bbe8b598af6c6610014',0,'丁苯', 'n-Butylbenzene');
insert into t_factor_index(id,code,factor_category,edit_flag,name,e_name) values ('7658945a476744580147674eef125038', 'w25038','3333ae2734d64bbe8b598af6c6610014',0,'苯乙烯', 'Styrene');
insert into t_factor_index(id,code,factor_category,edit_flag,name,e_name) values ('7658945a476744580147674eef125039', 'w25039','3333ae2734d64bbe8b598af6c6610014',0,'二氨基甲苯', 'Diaminotoluene');
insert into t_factor_index(id,code,factor_category,edit_flag,name,e_name) values ('7658945a476744580147674eef125040', 'w25040','3333ae2734d64bbe8b598af6c6610014',0,'二溴乙苯', 'Ethylene Dibromide');
insert into t_factor_index(id,code,factor_category,edit_flag,name,e_name) values ('7658945a476744580147674eef125041', 'w25041','3333ae2734d64bbe8b598af6c6610014',0,'多环芳烃', 'Polycyclic aromatic hydrocarbons');
insert into t_factor_index(id,code,factor_category,edit_flag,name,e_name) values ('7658945a476744580147674eef125042', 'w25042','3333ae2734d64bbe8b598af6c6610014',0,'芘', 'Pyrene');
insert into t_factor_index(id,code,factor_category,edit_flag,name,e_name) values ('7658945a476744580147674eef125043', 'w25043','3333ae2734d64bbe8b598af6c6610014',0,'苯并(a)芘', 'Benzo(a)pyrene(PAHs)');
insert into t_factor_index(id,code,factor_category,edit_flag,name,e_name) values ('7658945a476744580147674eef125044', 'w25044','3333ae2734d64bbe8b598af6c6610014',0,'苯并[ghi]芘', 'Benzo(g,h,i)perylene');
insert into t_factor_index(id,code,factor_category,edit_flag,name,e_name) values ('7658945a476744580147674eef125045', 'w25045','3333ae2734d64bbe8b598af6c6610014',0,'茚[1，2，3-cd]芘', 'Indeno(1,2,3-cd)pyrene');
insert into t_factor_index(id,code,factor_category,edit_flag,name,e_name) values ('7658945a476744580147674eef125046', 'w25046','3333ae2734d64bbe8b598af6c6610014',0,'蒽', 'Anthracene');
insert into t_factor_index(id,code,factor_category,edit_flag,name,e_name) values ('7658945a476744580147674eef125047', 'w25047','3333ae2734d64bbe8b598af6c6610014',0,'苯并[a]蒽', 'Benzo(a)anthracene');
insert into t_factor_index(id,code,factor_category,edit_flag,name,e_name) values ('7658945a476744580147674eef125048', 'w25048','3333ae2734d64bbe8b598af6c6610014',0,'二苯并（a，h)蒽', 'Dibenzo(a,h)anthracene');
insert into t_factor_index(id,code,factor_category,edit_flag,name,e_name) values ('7658945a476744580147674eef125049', 'w25049','3333ae2734d64bbe8b598af6c6610014',0,'荧蒽', 'Fluoranthene');
insert into t_factor_index(id,code,factor_category,edit_flag,name,e_name) values ('7658945a476744580147674eef125050', 'w25050','3333ae2734d64bbe8b598af6c6610014',0,'苯并[b]荧蒽', 'Benzo(b)fluoranthene');
insert into t_factor_index(id,code,factor_category,edit_flag,name,e_name) values ('7658945a476744580147674eef125051', 'w25051','3333ae2734d64bbe8b598af6c6610014',0,'苯并[k]荧蒽', 'Benzo(k)fluoranthene');
insert into t_factor_index(id,code,factor_category,edit_flag,name,e_name) values ('7658945a476744580147674eef125052', 'w25052','3333ae2734d64bbe8b598af6c6610014',0,'吡啶', 'Pyridine');
insert into t_factor_index(id,code,factor_category,edit_flag,name,e_name) values ('7658945a476744580147674eef125053', 'w25053','3333ae2734d64bbe8b598af6c6610014',0,'α-甲基吡啶', 'α-Methylpyridine');
insert into t_factor_index(id,code,factor_category,edit_flag,name,e_name) values ('7658945a476744580147674eef125054', 'w25054','3333ae2734d64bbe8b598af6c6610014',0,'2，5-二甲吡啶', '2,5-Dimethylpyridine');
insert into t_factor_index(id,code,factor_category,edit_flag,name,e_name) values ('7658945a476744580147674eef125055', 'w25055','3333ae2734d64bbe8b598af6c6610014',0,'2-甲基-5-乙基吡啶', '2-Methyl-5-ethylpyridine');
insert into t_factor_index(id,code,factor_category,edit_flag,name,e_name) values ('7658945a476744580147674eef125056', 'w25056','3333ae2734d64bbe8b598af6c6610014',0,'2-氯-5-氯甲基吡啶', '2-Chloro-5-chloromethyl pyridine');
insert into t_factor_index(id,code,factor_category,edit_flag,name,e_name) values ('7658945a476744580147674eef125057', 'w25057','3333ae2734d64bbe8b598af6c6610014',0,'2 2:6 2 -三联吡啶', '2 2 :6 ,2 -Terpyridine');
insert into t_factor_index(id,code,factor_category,edit_flag,name,e_name) values ('7658945a476744580147674eef125058', 'w25058','3333ae2734d64bbe8b598af6c6610014',0,'萘', 'Naphthalene');
insert into t_factor_index(id,code,factor_category,edit_flag,name,e_name) values ('7658945a476744580147674eef125059', 'w25059','3333ae2734d64bbe8b598af6c6610014',0,'2-氯萘', '2-Chloronaphthalene');
insert into t_factor_index(id,code,factor_category,edit_flag,name,e_name) values ('7658945a476744580147674eef125060', 'w25060','3333ae2734d64bbe8b598af6c6610014',0,'二硝基萘', 'Dinitronaphthalene');
insert into t_factor_index(id,code,factor_category,edit_flag,name,e_name) values ('7658945a476744580147674eef125061', 'w25061','3333ae2734d64bbe8b598af6c6610014',0,'苊', 'Acenaphthylene');
insert into t_factor_index(id,code,factor_category,edit_flag,name,e_name) values ('7658945a476744580147674eef125062', 'w25062','3333ae2734d64bbe8b598af6c6610014',0,'二氢苊', 'Acenaphthene');
insert into t_factor_index(id,code,factor_category,edit_flag,name,e_name) values ('7658945a476744580147674eef125063', 'w25063','3333ae2734d64bbe8b598af6c6610014',0,'芴', 'Fluorene');
insert into t_factor_index(id,code,factor_category,edit_flag,name,e_name) values ('7658945a476744580147674eef125064', 'w25064','3333ae2734d64bbe8b598af6c6610014',0,'菲', 'Phenanthrene');
insert into t_factor_index(id,code,factor_category,edit_flag,name,e_name) values ('7658945a476744580147674eef125065', 'w25065','3333ae2734d64bbe8b598af6c6610014',0,'屈', 'Chrysene');
insert into t_factor_index(id,code,factor_category,edit_flag,name,e_name) values ('7658945a476744580147674eef125066', 'w25066','3333ae2734d64bbe8b598af6c6610014',0,'苯醌', 'Benzoquinone');
insert into t_factor_index(id,code,factor_category,edit_flag,name,e_name) values ('7658945a476744580147674eef125067', 'w25067','3333ae2734d64bbe8b598af6c6610014',0,'氯冉(四氯代对苯醌)', 'Tetrachloro-p-benzoquinone');
insert into t_factor_index(id,code,factor_category,edit_flag,name,e_name) values ('7658945a476744580147674eef125068', 'w25068','3333ae2734d64bbe8b598af6c6610014',0,'2，3-二氯-1，4-萘醌', '2,3-dichloro-1,4-naphthoquinone');
insert into t_factor_index(id,code,factor_category,edit_flag,name,e_name) values ('7658945a476744580147674eef125069', 'w25069','3333ae2734d64bbe8b598af6c6610014',0,'α-萘醌', 'α-Naphthoquinone');
insert into t_factor_index(id,code,factor_category,edit_flag,name,e_name) values ('7658945a476744580147674eef125070', 'w25070','3333ae2734d64bbe8b598af6c6610014',0,'磺胺二甲基嘧啶', 'Sulfadimidine');
insert into t_factor_index(id,code,factor_category,edit_flag,name,e_name) values ('7658945a476744580147674eef125071', 'w25071','3333ae2734d64bbe8b598af6c6610014',0,'四氢呋喃', 'Tetrahydrofuran');
insert into t_factor_index(id,code,factor_category,edit_flag,name,e_name) values ('7658945a476744580147674eef125072', 'w25072','3333ae2734d64bbe8b598af6c6610014',0,'二噁英', 'Dioxins');

/**因子指标插入------- '胺'------**/
insert into t_factor_index(id,code,factor_category,edit_flag,name,e_name) values ('7658945a476744580147674eef126001', 'w26001','3333ae2734d64bbe8b598af6c6610015',0,'苯胺类', 'Anilines');
insert into t_factor_index(id,code,factor_category,edit_flag,name,e_name) values ('7658945a476744580147674eef126002', 'w26002','3333ae2734d64bbe8b598af6c6610015',0,'4,4′-二氨基联苯(联苯胺)', '4,4 -Diaminodiphenyl');
insert into t_factor_index(id,code,factor_category,edit_flag,name,e_name) values ('7658945a476744580147674eef126003', 'w26003','3333ae2734d64bbe8b598af6c6610015',0,'1,2-苯二胺(邻苯二胺)', '1,2-Benzenediamine');
insert into t_factor_index(id,code,factor_category,edit_flag,name,e_name) values ('7658945a476744580147674eef126004', 'w26004','3333ae2734d64bbe8b598af6c6610015',0,'1,4-苯二胺(对苯二胺)', '1,4-Benzenediamine');
insert into t_factor_index(id,code,factor_category,edit_flag,name,e_name) values ('7658945a476744580147674eef126005', 'w26005','3333ae2734d64bbe8b598af6c6610015',0,'均三甲苯胺', '2,4,6-Trimethylaniline');
insert into t_factor_index(id,code,factor_category,edit_flag,name,e_name) values ('7658945a476744580147674eef126006', 'w26006','3333ae2734d64bbe8b598af6c6610015',0,'2-甲基苯胺(邻甲苯胺)', '2-Methylbenzenamine');
insert into t_factor_index(id,code,factor_category,edit_flag,name,e_name) values ('7658945a476744580147674eef126007', 'w26007','3333ae2734d64bbe8b598af6c6610015',0,'N，N-二甲基苯胺', 'N,N-Dimethylaniline');
insert into t_factor_index(id,code,factor_category,edit_flag,name,e_name) values ('7658945a476744580147674eef126008', 'w26008','3333ae2734d64bbe8b598af6c6610015',0,'间氯苯胺', 'm-Chloroaniline');
insert into t_factor_index(id,code,factor_category,edit_flag,name,e_name) values ('7658945a476744580147674eef126009', 'w26009','3333ae2734d64bbe8b598af6c6610015',0,'邻氯苯胺', 'o-Chloroaniline');
insert into t_factor_index(id,code,factor_category,edit_flag,name,e_name) values ('7658945a476744580147674eef126010', 'w26010','3333ae2734d64bbe8b598af6c6610015',0,'对氯苯胺', 'p-Chloroaniline');
insert into t_factor_index(id,code,factor_category,edit_flag,name,e_name) values ('7658945a476744580147674eef126011', 'w26011','3333ae2734d64bbe8b598af6c6610015',0,'3，4-二氯苯胺', '3,4-Dichloroaniline');
insert into t_factor_index(id,code,factor_category,edit_flag,name,e_name) values ('7658945a476744580147674eef126012', 'w26012','3333ae2734d64bbe8b598af6c6610015',0,'2，5-二氯苯胺', '2,5-Dichloroaniline');
insert into t_factor_index(id,code,factor_category,edit_flag,name,e_name) values ('7658945a476744580147674eef126013', 'w26013','3333ae2734d64bbe8b598af6c6610015',0,'3，3-二氯联苯胺', '3,3-Dichlorobenzidine');
insert into t_factor_index(id,code,factor_category,edit_flag,name,e_name) values ('7658945a476744580147674eef126014', 'w26014','3333ae2734d64bbe8b598af6c6610015',0,'2，6-二氯硝基苯胺', '2,6-Dichloronitroaniline');
insert into t_factor_index(id,code,factor_category,edit_flag,name,e_name) values ('7658945a476744580147674eef126015', 'w26015','3333ae2734d64bbe8b598af6c6610015',0,'二硝基苯胺', 'Dinitroaniline');
insert into t_factor_index(id,code,factor_category,edit_flag,name,e_name) values ('7658945a476744580147674eef126016', 'w26016','3333ae2734d64bbe8b598af6c6610015',0,'对硝基苯胺', 'p-Nitroaniline');
insert into t_factor_index(id,code,factor_category,edit_flag,name,e_name) values ('7658945a476744580147674eef126017', 'w26017','3333ae2734d64bbe8b598af6c6610015',0,'N-亚硝基二苯胺', 'N-Nitrosodiphenylamine');
insert into t_factor_index(id,code,factor_category,edit_flag,name,e_name) values ('7658945a476744580147674eef126018', 'w26018','3333ae2734d64bbe8b598af6c6610015',0,'丙酸缩苯胺', 'Propanil');
insert into t_factor_index(id,code,factor_category,edit_flag,name,e_name) values ('7658945a476744580147674eef126019', 'w26019','3333ae2734d64bbe8b598af6c6610015',0,'水杨酰苯胺', 'Salicylanilide');
insert into t_factor_index(id,code,factor_category,edit_flag,name,e_name) values ('7658945a476744580147674eef126020', 'w26020','3333ae2734d64bbe8b598af6c6610015',0,'甲胺', 'Methylamine');
insert into t_factor_index(id,code,factor_category,edit_flag,name,e_name) values ('7658945a476744580147674eef126021', 'w26021','3333ae2734d64bbe8b598af6c6610015',0,'二甲胺', 'Dimethylamine');
insert into t_factor_index(id,code,factor_category,edit_flag,name,e_name) values ('7658945a476744580147674eef126022', 'w26022','3333ae2734d64bbe8b598af6c6610015',0,'三甲胺', 'Trimethylamine');
insert into t_factor_index(id,code,factor_category,edit_flag,name,e_name) values ('7658945a476744580147674eef126023', 'w26023','3333ae2734d64bbe8b598af6c6610015',0,'六次甲基四胺', 'Hexamethylene Tetramine');
insert into t_factor_index(id,code,factor_category,edit_flag,name,e_name) values ('7658945a476744580147674eef126024', 'w26024','3333ae2734d64bbe8b598af6c6610015',0,'乙胺', 'Ethylamine');
insert into t_factor_index(id,code,factor_category,edit_flag,name,e_name) values ('7658945a476744580147674eef126025', 'w26025','3333ae2734d64bbe8b598af6c6610015',0,'二乙胺', 'Diethylamine');
insert into t_factor_index(id,code,factor_category,edit_flag,name,e_name) values ('7658945a476744580147674eef126026', 'w26026','3333ae2734d64bbe8b598af6c6610015',0,'三乙胺', 'Triethylamine');
insert into t_factor_index(id,code,factor_category,edit_flag,name,e_name) values ('7658945a476744580147674eef126027', 'w26027','3333ae2734d64bbe8b598af6c6610015',0,'1,2-二氨基乙烷(乙二胺)', 'Ethylenediamine');
insert into t_factor_index(id,code,factor_category,edit_flag,name,e_name) values ('7658945a476744580147674eef126028', 'w26028','3333ae2734d64bbe8b598af6c6610015',0,'二乙烯三胺', 'Diethylene Triamine');
insert into t_factor_index(id,code,factor_category,edit_flag,name,e_name) values ('7658945a476744580147674eef126029', 'w26029','3333ae2734d64bbe8b598af6c6610015',0,'丙胺', 'Propylamine');
insert into t_factor_index(id,code,factor_category,edit_flag,name,e_name) values ('7658945a476744580147674eef126030', 'w26030','3333ae2734d64bbe8b598af6c6610015',0,'二丙胺', 'Dipropylamine');
insert into t_factor_index(id,code,factor_category,edit_flag,name,e_name) values ('7658945a476744580147674eef126031', 'w26031','3333ae2734d64bbe8b598af6c6610015',0,'异丙胺', 'Isopropylamine');
insert into t_factor_index(id,code,factor_category,edit_flag,name,e_name) values ('7658945a476744580147674eef126032', 'w26032','3333ae2734d64bbe8b598af6c6610015',0,'二异丙胺', 'Diisopropylamine');
insert into t_factor_index(id,code,factor_category,edit_flag,name,e_name) values ('7658945a476744580147674eef126033', 'w26033','3333ae2734d64bbe8b598af6c6610015',0,'异丁胺', 'Isobutylamine');
insert into t_factor_index(id,code,factor_category,edit_flag,name,e_name) values ('7658945a476744580147674eef126034', 'w26034','3333ae2734d64bbe8b598af6c6610015',0,'二异丁胺', 'Diisobutylamine');
insert into t_factor_index(id,code,factor_category,edit_flag,name,e_name) values ('7658945a476744580147674eef126035', 'w26035','3333ae2734d64bbe8b598af6c6610015',0,'1，6-己二胺', '1,6-Hexylenediamime');
insert into t_factor_index(id,code,factor_category,edit_flag,name,e_name) values ('7658945a476744580147674eef126036', 'w26036','3333ae2734d64bbe8b598af6c6610015',0,'二氯胺', 'Dichloramines');
insert into t_factor_index(id,code,factor_category,edit_flag,name,e_name) values ('7658945a476744580147674eef126037', 'w26037','3333ae2734d64bbe8b598af6c6610015',0,'三氯胺', 'Trichloramines');
insert into t_factor_index(id,code,factor_category,edit_flag,name,e_name) values ('7658945a476744580147674eef126038', 'w26038','3333ae2734d64bbe8b598af6c6610015',0,'N-亚硝基二甲胺', 'N-Nitrosodimethylamine');
insert into t_factor_index(id,code,factor_category,edit_flag,name,e_name) values ('7658945a476744580147674eef126039', 'w26039','3333ae2734d64bbe8b598af6c6610015',0,'N-亚硝基二乙胺', 'N-Nitrosodiethylamine');
insert into t_factor_index(id,code,factor_category,edit_flag,name,e_name) values ('7658945a476744580147674eef126040', 'w26040','3333ae2734d64bbe8b598af6c6610015',0,'N-亚硝基二丙胺', 'N-Nitrosodi-n-propylamine');
insert into t_factor_index(id,code,factor_category,edit_flag,name,e_name) values ('7658945a476744580147674eef126041', 'w26041','3333ae2734d64bbe8b598af6c6610015',0,'N-亚硝基二丁胺', 'N-Nitrosodi-n-butylamine');
insert into t_factor_index(id,code,factor_category,edit_flag,name,e_name) values ('7658945a476744580147674eef126042', 'w26042','3333ae2734d64bbe8b598af6c6610015',0,'亚硝胺', 'Nitros(o)amine(s)');
insert into t_factor_index(id,code,factor_category,edit_flag,name,e_name) values ('7658945a476744580147674eef126043', 'w26043','3333ae2734d64bbe8b598af6c6610015',0,'二甲基亚硝胺', 'Dimethyl Nitrosamine');
insert into t_factor_index(id,code,factor_category,edit_flag,name,e_name) values ('7658945a476744580147674eef126044', 'w26044','3333ae2734d64bbe8b598af6c6610015',0,'二苯基亚硝胺', 'Diphenyl Nitrosamine');
insert into t_factor_index(id,code,factor_category,edit_flag,name,e_name) values ('7658945a476744580147674eef126045', 'w26045','3333ae2734d64bbe8b598af6c6610015',0,'二正丙基亚硝胺', 'Di-n-propyl Nitrosamine');
insert into t_factor_index(id,code,factor_category,edit_flag,name,e_name) values ('7658945a476744580147674eef126046', 'w26046','3333ae2734d64bbe8b598af6c6610015',0,'己内酰胺', 'Caprolactam');
insert into t_factor_index(id,code,factor_category,edit_flag,name,e_name) values ('7658945a476744580147674eef126047', 'w26047','3333ae2734d64bbe8b598af6c6610015',0,'丁烯酰胺-[2]', '2-Butenediamide');
insert into t_factor_index(id,code,factor_category,edit_flag,name,e_name) values ('7658945a476744580147674eef126048', 'w26048','3333ae2734d64bbe8b598af6c6610015',0,'丙烯酰胺', 'Acrylamide');
insert into t_factor_index(id,code,factor_category,edit_flag,name,e_name) values ('7658945a476744580147674eef126049', 'w26049','3333ae2734d64bbe8b598af6c6610015',0,'丙二酰胺', 'Malonamide');
insert into t_factor_index(id,code,factor_category,edit_flag,name,e_name) values ('7658945a476744580147674eef126050', 'w26050','3333ae2734d64bbe8b598af6c6610015',0,'甲基丙酰胺', 'Methylpropionamide');
insert into t_factor_index(id,code,factor_category,edit_flag,name,e_name) values ('7658945a476744580147674eef126051', 'w26051','3333ae2734d64bbe8b598af6c6610015',0,'二甲基甲酰胺', 'N,N-Dimethylformamide');
insert into t_factor_index(id,code,factor_category,edit_flag,name,e_name) values ('7658945a476744580147674eef126052', 'w26052','3333ae2734d64bbe8b598af6c6610015',0,'二乙醇胺', 'Diethanolamine');
insert into t_factor_index(id,code,factor_category,edit_flag,name,e_name) values ('7658945a476744580147674eef126053', 'w26053','3333ae2734d64bbe8b598af6c6610015',0,'丙草胺', 'Metolachlor');
insert into t_factor_index(id,code,factor_category,edit_flag,name,e_name) values ('7658945a476744580147674eef126054', 'w26054','3333ae2734d64bbe8b598af6c6610015',0,'苯肼', 'Phenylhydrazine');
insert into t_factor_index(id,code,factor_category,edit_flag,name,e_name) values ('7658945a476744580147674eef126055', 'w26055','3333ae2734d64bbe8b598af6c6610015',0,'1，2-二苯基肼', '1,2-Diphenylhydrazine');
insert into t_factor_index(id,code,factor_category,edit_flag,name,e_name) values ('7658945a476744580147674eef126056', 'w26056','3333ae2734d64bbe8b598af6c6610015',0,'一甲基肼', 'Methyl Hydrazine');
insert into t_factor_index(id,code,factor_category,edit_flag,name,e_name) values ('7658945a476744580147674eef126057', 'w26057','3333ae2734d64bbe8b598af6c6610015',0,'1,1-二甲基肼（偏二甲基肼）', '1,1-Dimethyl hydrazine');
insert into t_factor_index(id,code,factor_category,edit_flag,name,e_name) values ('7658945a476744580147674eef126058', 'w26058','3333ae2734d64bbe8b598af6c6610015',0,'尿素', 'Carbamide');

/**因子指标插入------- '多氯联苯'------**/
insert into t_factor_index(id,code,factor_category,edit_flag,name,e_name) values ('7658945a476744580147674eef127001', 'w27001','3333ae2734d64bbe8b598af6c6610016',0,'多氯联苯', 'Polychlorinated Biphenyls(PCBs)');

/**因子指标插入------- '醚'------**/
insert into t_factor_index(id,code,factor_category,edit_flag,name,e_name) values ('7658945a476744580147674eef128001', 'w28001','3333ae2734d64bbe8b598af6c6610017',0,'二甲基硫(甲硫醚）', 'Dimethyl Sulfide');
insert into t_factor_index(id,code,factor_category,edit_flag,name,e_name) values ('7658945a476744580147674eef128002', 'w28002','3333ae2734d64bbe8b598af6c6610017',0,'苯甲醚', 'Phenyl Methyl Ether');
insert into t_factor_index(id,code,factor_category,edit_flag,name,e_name) values ('7658945a476744580147674eef128003', 'w28003','3333ae2734d64bbe8b598af6c6610017',0,'乙醚', 'Ethyl Ether');
insert into t_factor_index(id,code,factor_category,edit_flag,name,e_name) values ('7658945a476744580147674eef128004', 'w28004','3333ae2734d64bbe8b598af6c6610017',0,'二（氯甲基）醚', 'Bis (chloromethyl) Ether');
insert into t_factor_index(id,code,factor_category,edit_flag,name,e_name) values ('7658945a476744580147674eef128005', 'w28005','3333ae2734d64bbe8b598af6c6610017',0,'二（2-氯甲基）醚', 'Bis(2-chloromethyl) Ether');
insert into t_factor_index(id,code,factor_category,edit_flag,name,e_name) values ('7658945a476744580147674eef128006', 'w28006','3333ae2734d64bbe8b598af6c6610017',0,'二-2-氯乙基醚', 'Bis(2-Chloroethyl)ether');
insert into t_factor_index(id,code,factor_category,edit_flag,name,e_name) values ('7658945a476744580147674eef128007', 'w28007','3333ae2734d64bbe8b598af6c6610017',0,'二氯二异丙醚(二氯异丙醚)', 'Dichloroisopropyl ether');
insert into t_factor_index(id,code,factor_category,edit_flag,name,e_name) values ('7658945a476744580147674eef128008', 'w28008','3333ae2734d64bbe8b598af6c6610017',0,'二（2-氯异丙基）醚', 'Bis(2-chloroisopropyl)ether');
insert into t_factor_index(id,code,factor_category,edit_flag,name,e_name) values ('7658945a476744580147674eef128009', 'w28009','3333ae2734d64bbe8b598af6c6610017',0,'2-氯乙基乙烯醚', '2-Chloroethyl Vinyl Ether');
insert into t_factor_index(id,code,factor_category,edit_flag,name,e_name) values ('7658945a476744580147674eef128010', 'w28010','3333ae2734d64bbe8b598af6c6610017',0,'二甲基二硫醚', 'Dimethyl Disulfide');
insert into t_factor_index(id,code,factor_category,edit_flag,name,e_name) values ('7658945a476744580147674eef128011', 'w28011','3333ae2734d64bbe8b598af6c6610017',0,'4-溴苯基苯基醚', '4-Bromophenyl Phenyl Ether');
insert into t_factor_index(id,code,factor_category,edit_flag,name,e_name) values ('7658945a476744580147674eef128012', 'w28012','3333ae2734d64bbe8b598af6c6610017',0,'4-氯苯基苯基醚', '4-Chlorophenyl Phenyl Ether');

/**因子指标插入------- '酯'------**/
insert into t_factor_index(id,code,factor_category,edit_flag,name,e_name) values ('7658945a476744580147674eef129001', 'w29001','3333ae2734d64bbe8b598af6c6610018',0,'邻苯二甲酸酯类', 'Phthalate Esters');
insert into t_factor_index(id,code,factor_category,edit_flag,name,e_name) values ('7658945a476744580147674eef129002', 'w29002','3333ae2734d64bbe8b598af6c6610018',0,'邻苯二甲酸二丁酯(酞酸二丁酯)', 'Di-n-butyl Phthalate');
insert into t_factor_index(id,code,factor_category,edit_flag,name,e_name) values ('7658945a476744580147674eef129003', 'w29003','3333ae2734d64bbe8b598af6c6610018',0,'邻苯二甲酸二辛酯', 'Di-Sec-octyl phthalate');
insert into t_factor_index(id,code,factor_category,edit_flag,name,e_name) values ('7658945a476744580147674eef129004', 'w29004','3333ae2734d64bbe8b598af6c6610018',0,'邻苯二甲酸二（2-乙基己基）酯', 'Bis(2-ethylhexyl)phthalate');
insert into t_factor_index(id,code,factor_category,edit_flag,name,e_name) values ('7658945a476744580147674eef129005', 'w29005','3333ae2734d64bbe8b598af6c6610018',0,'邻苯二甲酸二甲酯(酞酸二甲酯)', 'Dimethyl Phthalate');
insert into t_factor_index(id,code,factor_category,edit_flag,name,e_name) values ('7658945a476744580147674eef129006', 'w29006','3333ae2734d64bbe8b598af6c6610018',0,'邻苯二甲酸二乙酯(酯酞酸二乙酯)', 'Diethyl Phthalate');
insert into t_factor_index(id,code,factor_category,edit_flag,name,e_name) values ('7658945a476744580147674eef129007', 'w29007','3333ae2734d64bbe8b598af6c6610018',0,'邻苯二甲酸丁卞酯', 'Butyl benzyl Phthalate');
insert into t_factor_index(id,code,factor_category,edit_flag,name,e_name) values ('7658945a476744580147674eef129008', 'w29008','3333ae2734d64bbe8b598af6c6610018',0,'二（2-乙基己基）己二酸酯', 'Bis(2-Ethylhexyl) Adipate');
insert into t_factor_index(id,code,factor_category,edit_flag,name,e_name) values ('7658945a476744580147674eef129009', 'w29009','3333ae2734d64bbe8b598af6c6610018',0,'酞酸二正丁酯', 'Di-n-butyl Phthalate');
insert into t_factor_index(id,code,factor_category,edit_flag,name,e_name) values ('7658945a476744580147674eef129010', 'w29010','3333ae2734d64bbe8b598af6c6610018',0,'酞酸二正辛酯', 'Di-n-octyl Phthalate');
insert into t_factor_index(id,code,factor_category,edit_flag,name,e_name) values ('7658945a476744580147674eef129011', 'w29011','3333ae2734d64bbe8b598af6c6610018',0,'醋酸甲酯', 'Methyl Acetate');
insert into t_factor_index(id,code,factor_category,edit_flag,name,e_name) values ('7658945a476744580147674eef129012', 'w29012','3333ae2734d64bbe8b598af6c6610018',0,'苯甲酸甲酯', 'Methyl Benzoate');
insert into t_factor_index(id,code,factor_category,edit_flag,name,e_name) values ('7658945a476744580147674eef129013', 'w29013','3333ae2734d64bbe8b598af6c6610018',0,'对苯二甲酸二甲酯', 'Dimethyl Terephthalate');
insert into t_factor_index(id,code,factor_category,edit_flag,name,e_name) values ('7658945a476744580147674eef129014', 'w29014','3333ae2734d64bbe8b598af6c6610018',0,'丙烯酸甲酯', 'Methyl Acrylate');
insert into t_factor_index(id,code,factor_category,edit_flag,name,e_name) values ('7658945a476744580147674eef129015', 'w29015','3333ae2734d64bbe8b598af6c6610018',0,'甲基丙烯酸甲酯', 'Methyl Methacrylate');
insert into t_factor_index(id,code,factor_category,edit_flag,name,e_name) values ('7658945a476744580147674eef129016', 'w29016','3333ae2734d64bbe8b598af6c6610018',0,'异丁酸甲酯', 'Methyl Isobutyrate');
insert into t_factor_index(id,code,factor_category,edit_flag,name,e_name) values ('7658945a476744580147674eef129017', 'w29017','3333ae2734d64bbe8b598af6c6610018',0,'乙酸乙酯', 'Ethyl Acetate');
insert into t_factor_index(id,code,factor_category,edit_flag,name,e_name) values ('7658945a476744580147674eef129018', 'w29018','3333ae2734d64bbe8b598af6c6610018',0,'丙烯酸乙酯', 'Ethyl Acrylate');
insert into t_factor_index(id,code,factor_category,edit_flag,name,e_name) values ('7658945a476744580147674eef129019', 'w29019','3333ae2734d64bbe8b598af6c6610018',0,'顺丁烯二酸二乙酯', 'Diethyl Maleate');
insert into t_factor_index(id,code,factor_category,edit_flag,name,e_name) values ('7658945a476744580147674eef129020', 'w29020','3333ae2734d64bbe8b598af6c6610018',0,'苯胺基甲酸异丙酯', 'Isopropyl N-phenylcarbamate');
insert into t_factor_index(id,code,factor_category,edit_flag,name,e_name) values ('7658945a476744580147674eef129021', 'w29021','3333ae2734d64bbe8b598af6c6610018',0,'间氯苯氨基甲酸异丙酯', 'Isopropyl N-(3-chlorophenyl)-carbamate');
insert into t_factor_index(id,code,factor_category,edit_flag,name,e_name) values ('7658945a476744580147674eef129022', 'w29022','3333ae2734d64bbe8b598af6c6610018',0,'乙酸丁酯', 'Butyl Acetate');
insert into t_factor_index(id,code,factor_category,edit_flag,name,e_name) values ('7658945a476744580147674eef129023', 'w29023','3333ae2734d64bbe8b598af6c6610018',0,'丙烯酸丁酯', 'Butyl Acrylate');
insert into t_factor_index(id,code,factor_category,edit_flag,name,e_name) values ('7658945a476744580147674eef129024', 'w29024','3333ae2734d64bbe8b598af6c6610018',0,'甲基丙烯酸丁酯', 'n-Butyl Methacrylate');
insert into t_factor_index(id,code,factor_category,edit_flag,name,e_name) values ('7658945a476744580147674eef129025', 'w29025','3333ae2734d64bbe8b598af6c6610018',0,'磷酸三丁酯', 'Tributyl Phosphate');
insert into t_factor_index(id,code,factor_category,edit_flag,name,e_name) values ('7658945a476744580147674eef129026', 'w29026','3333ae2734d64bbe8b598af6c6610018',0,'乙酸乙烯酯', 'Vinyl Acetate');
insert into t_factor_index(id,code,factor_category,edit_flag,name,e_name) values ('7658945a476744580147674eef129027', 'w29027','3333ae2734d64bbe8b598af6c6610018',0,'己二酸二乙烯酯', 'Divinyl Adipate');
insert into t_factor_index(id,code,factor_category,edit_flag,name,e_name) values ('7658945a476744580147674eef129028', 'w29028','3333ae2734d64bbe8b598af6c6610018',0,'二甘醇二硝酸酯', 'Diethyleneglycol Dinitrate');
insert into t_factor_index(id,code,factor_category,edit_flag,name,e_name) values ('7658945a476744580147674eef129029', 'w29029','3333ae2734d64bbe8b598af6c6610018',0,'三甘醇二硝酸酯', 'TEGDN');
insert into t_factor_index(id,code,factor_category,edit_flag,name,e_name) values ('7658945a476744580147674eef129030', 'w29030','3333ae2734d64bbe8b598af6c6610018',0,'二氯化磷酸苯酯', 'Phenyl Dichlorophosphate');
insert into t_factor_index(id,code,factor_category,edit_flag,name,e_name) values ('7658945a476744580147674eef129031', 'w29031','3333ae2734d64bbe8b598af6c6610018',0,'2，4-滴丁酯', '2,4-DB');

/**因子指标插入------- '醇'------**/
insert into t_factor_index(id,code,factor_category,edit_flag,name,e_name) values ('7658945a476744580147674eef130001', 'w30001','3333ae2734d64bbe8b598af6c6610019',0,'甲醇', 'Methanol');
insert into t_factor_index(id,code,factor_category,edit_flag,name,e_name) values ('7658945a476744580147674eef130002', 'w30002','3333ae2734d64bbe8b598af6c6610019',0,'甲硫醇', 'Methanthiol');
insert into t_factor_index(id,code,factor_category,edit_flag,name,e_name) values ('7658945a476744580147674eef130003', 'w30003','3333ae2734d64bbe8b598af6c6610019',0,'二甲基苯基甲醇', 'Dimethyl Phenyl Carbinol');
insert into t_factor_index(id,code,factor_category,edit_flag,name,e_name) values ('7658945a476744580147674eef130004', 'w30004','3333ae2734d64bbe8b598af6c6610019',0,'巯基乙醇', 'Mercaptoethyl alcohol');
insert into t_factor_index(id,code,factor_category,edit_flag,name,e_name) values ('7658945a476744580147674eef130005', 'w30005','3333ae2734d64bbe8b598af6c6610019',0,'对硝基苯胺基乙醇（羟基胺）', 'Hydramine');
insert into t_factor_index(id,code,factor_category,edit_flag,name,e_name) values ('7658945a476744580147674eef130006', 'w30006','3333ae2734d64bbe8b598af6c6610019',0,'乙二醇', 'Ethylene Glycol');
insert into t_factor_index(id,code,factor_category,edit_flag,name,e_name) values ('7658945a476744580147674eef130007', 'w30007','3333ae2734d64bbe8b598af6c6610019',0,'丙醇', 'Propanol');
insert into t_factor_index(id,code,factor_category,edit_flag,name,e_name) values ('7658945a476744580147674eef130008', 'w30008','3333ae2734d64bbe8b598af6c6610019',0,'异丙醇', 'Isopropanol');
insert into t_factor_index(id,code,factor_category,edit_flag,name,e_name) values ('7658945a476744580147674eef130009', 'w30009','3333ae2734d64bbe8b598af6c6610019',0,'丙二醇', 'Propylene Glycol');
insert into t_factor_index(id,code,factor_category,edit_flag,name,e_name) values ('7658945a476744580147674eef130010', 'w30010','3333ae2734d64bbe8b598af6c6610019',0,'硝化甘油', 'Nitroglycerin');
insert into t_factor_index(id,code,factor_category,edit_flag,name,e_name) values ('7658945a476744580147674eef130011', 'w30011','3333ae2734d64bbe8b598af6c6610019',0,'2，3-二氯丙醇', '2,3-Dichloropropanol');
insert into t_factor_index(id,code,factor_category,edit_flag,name,e_name) values ('7658945a476744580147674eef130012', 'w30012','3333ae2734d64bbe8b598af6c6610019',0,'1，3-二氯丙醇', '1,3-Dichloropropanol');
insert into t_factor_index(id,code,factor_category,edit_flag,name,e_name) values ('7658945a476744580147674eef130013', 'w30013','3333ae2734d64bbe8b598af6c6610019',0,'氯代丙二醇-[1，2]', '3-Chloro-1,2-propanediol');
insert into t_factor_index(id,code,factor_category,edit_flag,name,e_name) values ('7658945a476744580147674eef130014', 'w30014','3333ae2734d64bbe8b598af6c6610019',0,'丁醇', 'Butanol');
insert into t_factor_index(id,code,factor_category,edit_flag,name,e_name) values ('7658945a476744580147674eef130015', 'w30015','3333ae2734d64bbe8b598af6c6610019',0,'异丁醇', 'Isobutyl Alcohol');
insert into t_factor_index(id,code,factor_category,edit_flag,name,e_name) values ('7658945a476744580147674eef130016', 'w30016','3333ae2734d64bbe8b598af6c6610019',0,'戊醇', 'Pentanol');
insert into t_factor_index(id,code,factor_category,edit_flag,name,e_name) values ('7658945a476744580147674eef130017', 'w30017','3333ae2734d64bbe8b598af6c6610019',0,'戊二醇（1，2）', '1,2-Pentanediol');
insert into t_factor_index(id,code,factor_category,edit_flag,name,e_name) values ('7658945a476744580147674eef130018', 'w30018','3333ae2734d64bbe8b598af6c6610019',0,'戊二醇（1，5）', '1,5-Pentanediol');
insert into t_factor_index(id,code,factor_category,edit_flag,name,e_name) values ('7658945a476744580147674eef130019', 'w30019','3333ae2734d64bbe8b598af6c6610019',0,'戊三醇（1，4，5）', '1,4,5-Pentanetriol');
insert into t_factor_index(id,code,factor_category,edit_flag,name,e_name) values ('7658945a476744580147674eef130020', 'w30020','3333ae2734d64bbe8b598af6c6610019',0,'季戊四醇', 'Pentaerythritol');
insert into t_factor_index(id,code,factor_category,edit_flag,name,e_name) values ('7658945a476744580147674eef130021', 'w30021','3333ae2734d64bbe8b598af6c6610019',0,'环己醇', 'Hexalin');
insert into t_factor_index(id,code,factor_category,edit_flag,name,e_name) values ('7658945a476744580147674eef130022', 'w30022','3333ae2734d64bbe8b598af6c6610019',0,'庚醇', '1-Heptanol');
insert into t_factor_index(id,code,factor_category,edit_flag,name,e_name) values ('7658945a476744580147674eef130023', 'w30023','3333ae2734d64bbe8b598af6c6610019',0,'异辛醇', ' Isooctyl Alcohol');
insert into t_factor_index(id,code,factor_category,edit_flag,name,e_name) values ('7658945a476744580147674eef130024', 'w30024','3333ae2734d64bbe8b598af6c6610019',0,'正辛醇', 'n-Octanol');
insert into t_factor_index(id,code,factor_category,edit_flag,name,e_name) values ('7658945a476744580147674eef130025', 'w30025','3333ae2734d64bbe8b598af6c6610019',0,'壬醇', 'n-Nonanol');
insert into t_factor_index(id,code,factor_category,edit_flag,name,e_name) values ('7658945a476744580147674eef130026', 'w30026','3333ae2734d64bbe8b598af6c6610019',0,'双甘醇', 'Diethylene Glycol');
insert into t_factor_index(id,code,factor_category,edit_flag,name,e_name) values ('7658945a476744580147674eef130027', 'w30027','3333ae2734d64bbe8b598af6c6610019',0,'三甘醇', 'Triethylene Glycol');
insert into t_factor_index(id,code,factor_category,edit_flag,name,e_name) values ('7658945a476744580147674eef130028', 'w30028','3333ae2734d64bbe8b598af6c6610019',0,'丙烯醇', 'Allyl Alcohol');
insert into t_factor_index(id,code,factor_category,edit_flag,name,e_name) values ('7658945a476744580147674eef130029', 'w30029','3333ae2734d64bbe8b598af6c6610019',0,'聚乙烯醇', 'Polyvinyl Alcohol');
insert into t_factor_index(id,code,factor_category,edit_flag,name,e_name) values ('7658945a476744580147674eef130030', 'w30030','3333ae2734d64bbe8b598af6c6610019',0,'四氢化糠醇', 'Tetrahydrofurfuryl Alcohol');
insert into t_factor_index(id,code,factor_category,edit_flag,name,e_name) values ('7658945a476744580147674eef130031', 'w30031','3333ae2734d64bbe8b598af6c6610019',0,'α-萜松醇', 'α-Terpined');
insert into t_factor_index(id,code,factor_category,edit_flag,name,e_name) values ('7658945a476744580147674eef130032', 'w30032','3333ae2734d64bbe8b598af6c6610019',0,'2-甲基异茨醇', '2-Methyl Isoborneol');
insert into t_factor_index(id,code,factor_category,edit_flag,name,e_name) values ('7658945a476744580147674eef130033', 'w30033','3333ae2734d64bbe8b598af6c6610019',0,'丁硫醇', 'n-Butyl Thioalcohol');
insert into t_factor_index(id,code,factor_category,edit_flag,name,e_name) values ('7658945a476744580147674eef130034', 'w30034','3333ae2734d64bbe8b598af6c6610019',0,'土臭素', 'Geosmin');

/**因子指标插入------- '醛'------**/
insert into t_factor_index(id,code,factor_category,edit_flag,name,e_name) values ('7658945a476744580147674eef131001', 'w31001','3333ae2734d64bbe8b598af6c6610020',0,'甲醛', 'Formaldehyde');
insert into t_factor_index(id,code,factor_category,edit_flag,name,e_name) values ('7658945a476744580147674eef131002', 'w31002','3333ae2734d64bbe8b598af6c6610020',0,'乙醛', 'Acetaldehyde');
insert into t_factor_index(id,code,factor_category,edit_flag,name,e_name) values ('7658945a476744580147674eef131003', 'w31003','3333ae2734d64bbe8b598af6c6610020',0,'三氯乙醛', 'Trichloroacetaldehyde');
insert into t_factor_index(id,code,factor_category,edit_flag,name,e_name) values ('7658945a476744580147674eef131004', 'w31004','3333ae2734d64bbe8b598af6c6610020',0,'丙烯醛', 'Acrolein');
insert into t_factor_index(id,code,factor_category,edit_flag,name,e_name) values ('7658945a476744580147674eef131005', 'w31005','3333ae2734d64bbe8b598af6c6610020',0,'1，2，5，6-四氢化苯甲醛', '1,2,5,6-tetrahydrobenzaldehyde');
insert into t_factor_index(id,code,factor_category,edit_flag,name,e_name) values ('7658945a476744580147674eef131006', 'w31006','3333ae2734d64bbe8b598af6c6610020',0,'糠醛(呋喃甲醛）', 'Furfural');
insert into t_factor_index(id,code,factor_category,edit_flag,name,e_name) values ('7658945a476744580147674eef131007', 'w31007','3333ae2734d64bbe8b598af6c6610020',0,'戊二醛', 'Glutaraldehyde');
insert into t_factor_index(id,code,factor_category,edit_flag,name,e_name) values ('7658945a476744580147674eef131008', 'w31008','3333ae2734d64bbe8b598af6c6610020',0,'异狄氏剂醛', 'Endrin Aldehyde');

/**因子指标插入------- '有机酸'------**/
insert into t_factor_index(id,code,factor_category,edit_flag,name,e_name) values ('7658945a476744580147674eef132001', 'w32001','3333ae2734d64bbe8b598af6c6610021',0,'蚁酸', 'Formic Acid');
insert into t_factor_index(id,code,factor_category,edit_flag,name,e_name) values ('7658945a476744580147674eef132002', 'w32002','3333ae2734d64bbe8b598af6c6610021',0,'环烷酸', 'Naphthenate');
insert into t_factor_index(id,code,factor_category,edit_flag,name,e_name) values ('7658945a476744580147674eef132003', 'w32003','3333ae2734d64bbe8b598af6c6610021',0,'丁基黄原酸', 'n-Butyl Xanthate');
insert into t_factor_index(id,code,factor_category,edit_flag,name,e_name) values ('7658945a476744580147674eef132004', 'w32004','3333ae2734d64bbe8b598af6c6610021',0,'邻苯二酸', 'Phthalic Acid');
insert into t_factor_index(id,code,factor_category,edit_flag,name,e_name) values ('7658945a476744580147674eef132005', 'w32005','3333ae2734d64bbe8b598af6c6610021',0,'苯甲酸', 'Benzoic Acid');
insert into t_factor_index(id,code,factor_category,edit_flag,name,e_name) values ('7658945a476744580147674eef132006', 'w32006','3333ae2734d64bbe8b598af6c6610021',0,'对氯苯甲酸', '4-Chlorobenzoic Acid');
insert into t_factor_index(id,code,factor_category,edit_flag,name,e_name) values ('7658945a476744580147674eef132007', 'w32007','3333ae2734d64bbe8b598af6c6610021',0,'2，3，6-三氯苯甲酸', '2,3,6-Trichlorobenzoic Acid');
insert into t_factor_index(id,code,factor_category,edit_flag,name,e_name) values ('7658945a476744580147674eef132008', 'w32008','3333ae2734d64bbe8b598af6c6610021',0,'多氯苯甲酸', 'Parachlorobenzoic-acid');
insert into t_factor_index(id,code,factor_category,edit_flag,name,e_name) values ('7658945a476744580147674eef132009', 'w32009','3333ae2734d64bbe8b598af6c6610021',0,'对苯二甲酸', 'Terephthalic Acid');
insert into t_factor_index(id,code,factor_category,edit_flag,name,e_name) values ('7658945a476744580147674eef132010', 'w32010','3333ae2734d64bbe8b598af6c6610021',0,'醋酸', 'Acetic Acid');
insert into t_factor_index(id,code,factor_category,edit_flag,name,e_name) values ('7658945a476744580147674eef132011', 'w32011','3333ae2734d64bbe8b598af6c6610021',0,'氯乙酸', 'Monochloroacetic Acid');
insert into t_factor_index(id,code,factor_category,edit_flag,name,e_name) values ('7658945a476744580147674eef132012', 'w32012','3333ae2734d64bbe8b598af6c6610021',0,'乙二胺四乙酸', 'Ethylenediaminetetraacetic Acid');
insert into t_factor_index(id,code,factor_category,edit_flag,name,e_name) values ('7658945a476744580147674eef132013', 'w32013','3333ae2734d64bbe8b598af6c6610021',0,'次氮基三乙酸', 'Nitrilotriacetic Acid (NTA)');
insert into t_factor_index(id,code,factor_category,edit_flag,name,e_name) values ('7658945a476744580147674eef132014', 'w32014','3333ae2734d64bbe8b598af6c6610021',0,'2-甲-4-氯苯氧基乙酸', '2-Methyl-4-chlorophenoxy Acetic Acid');
insert into t_factor_index(id,code,factor_category,edit_flag,name,e_name) values ('7658945a476744580147674eef132015', 'w32015','3333ae2734d64bbe8b598af6c6610021',0,'二氯丙酸', 'Dichlorpropanoic Acid');
insert into t_factor_index(id,code,factor_category,edit_flag,name,e_name) values ('7658945a476744580147674eef132016', 'w32016','3333ae2734d64bbe8b598af6c6610021',0,'2-甲-4-氯丙酸', '2-Methyl-4-chloro-propanoic Acid');
insert into t_factor_index(id,code,factor_category,edit_flag,name,e_name) values ('7658945a476744580147674eef132017', 'w32017','3333ae2734d64bbe8b598af6c6610021',0,'α-氯丙酸', 'α-Chloropropionic Acid');
insert into t_factor_index(id,code,factor_category,edit_flag,name,e_name) values ('7658945a476744580147674eef132018', 'w32018','3333ae2734d64bbe8b598af6c6610021',0,'2，4，5-涕丙酸', '2，4，5-TP(silvex)');
insert into t_factor_index(id,code,factor_category,edit_flag,name,e_name) values ('7658945a476744580147674eef132019', 'w32019','3333ae2734d64bbe8b598af6c6610021',0,'丁酸', 'Butyric Acid');
insert into t_factor_index(id,code,factor_category,edit_flag,name,e_name) values ('7658945a476744580147674eef132020', 'w32020','3333ae2734d64bbe8b598af6c6610021',0,'2-甲-4-氯丁酸', '2-Methyl-4-chloro-butanoic Acid');
insert into t_factor_index(id,code,factor_category,edit_flag,name,e_name) values ('7658945a476744580147674eef132021', 'w32021','3333ae2734d64bbe8b598af6c6610021',0,'丙烯酸', 'Acrylic Acid');
insert into t_factor_index(id,code,factor_category,edit_flag,name,e_name) values ('7658945a476744580147674eef132022', 'w32022','3333ae2734d64bbe8b598af6c6610021',0,'甲基丙烯酸', 'Methacrylic Acid');
insert into t_factor_index(id,code,factor_category,edit_flag,name,e_name) values ('7658945a476744580147674eef132023', 'w32023','3333ae2734d64bbe8b598af6c6610021',0,'顺丁烯二酸', 'cis-Butene Dioic Acid');
insert into t_factor_index(id,code,factor_category,edit_flag,name,e_name) values ('7658945a476744580147674eef132024', 'w32024','3333ae2734d64bbe8b598af6c6610021',0,'2-氨基萘磺酸', '2-Aminonaphthalene-1-sulfonic Acid');
insert into t_factor_index(id,code,factor_category,edit_flag,name,e_name) values ('7658945a476744580147674eef132025', 'w32025','3333ae2734d64bbe8b598af6c6610021',0,'对氨基苯磺酸', 'p-Aminobenzene Sulfonic Acid');
insert into t_factor_index(id,code,factor_category,edit_flag,name,e_name) values ('7658945a476744580147674eef132026', 'w32026','3333ae2734d64bbe8b598af6c6610021',0,'2-萘酚-1-磺酸', '2-Naphthol-1-sulfonic Acid');
insert into t_factor_index(id,code,factor_category,edit_flag,name,e_name) values ('7658945a476744580147674eef132027', 'w32027','3333ae2734d64bbe8b598af6c6610021',0,'对氯苯磺酸', 'p-Chlorobenzenesulfonic Acid');
insert into t_factor_index(id,code,factor_category,edit_flag,name,e_name) values ('7658945a476744580147674eef132028', 'w32028','3333ae2734d64bbe8b598af6c6610021',0,'2-氨基-5-萘酚-7-磺酸', '2-Amino-5-naphthol-7-sulfonic Acid');
insert into t_factor_index(id,code,factor_category,edit_flag,name,e_name) values ('7658945a476744580147674eef132029', 'w32029','3333ae2734d64bbe8b598af6c6610021',0,'三聚氰酸（氰尿酸）', 'Cyanuric Acid');
insert into t_factor_index(id,code,factor_category,edit_flag,name,e_name) values ('7658945a476744580147674eef132030', 'w32030','3333ae2734d64bbe8b598af6c6610021',0,'二乙基二硫代磷酸', 'Diethyldithiophosphoric');
insert into t_factor_index(id,code,factor_category,edit_flag,name,e_name) values ('7658945a476744580147674eef132031', 'w32031','3333ae2734d64bbe8b598af6c6610021',0,'乳酸', 'Lactic Acid');
insert into t_factor_index(id,code,factor_category,edit_flag,name,e_name) values ('7658945a476744580147674eef132032', 'w32032','3333ae2734d64bbe8b598af6c6610021',0,'脂肪酸', 'Fatty Acid');

/**因子指标插入------- '农药'------**/
insert into t_factor_index(id,code,factor_category,edit_flag,name,e_name) values ('7658945a476744580147674eef133001', 'w33001','3333ae2734d64bbe8b598af6c6610022',0,'六六六', '1,2,3,4,5,6-Hexachlorocyclohexane (Mixtureof Isomers)');
insert into t_factor_index(id,code,factor_category,edit_flag,name,e_name) values ('7658945a476744580147674eef133002', 'w33002','3333ae2734d64bbe8b598af6c6610022',0,'α-六六六', 'Alpha-BHC');
insert into t_factor_index(id,code,factor_category,edit_flag,name,e_name) values ('7658945a476744580147674eef133003', 'w33003','3333ae2734d64bbe8b598af6c6610022',0,'β-六六六', 'Beta-BHC');
insert into t_factor_index(id,code,factor_category,edit_flag,name,e_name) values ('7658945a476744580147674eef133004', 'w33004','3333ae2734d64bbe8b598af6c6610022',0,'δ-六六六', 'Delta-BHC');
insert into t_factor_index(id,code,factor_category,edit_flag,name,e_name) values ('7658945a476744580147674eef133005', 'w33005','3333ae2734d64bbe8b598af6c6610022',0,'γ-六六六(林丹)', 'Gamma- BHC');
insert into t_factor_index(id,code,factor_category,edit_flag,name,e_name) values ('7658945a476744580147674eef133006', 'w33006','3333ae2734d64bbe8b598af6c6610022',0,'滴滴滴（DDD）', 'DDD');
insert into t_factor_index(id,code,factor_category,edit_flag,name,e_name) values ('7658945a476744580147674eef133007', 'w33007','3333ae2734d64bbe8b598af6c6610022',0,'滴滴涕（DDT）', '1,1,1-Trichloro-2,2-bis(p-chlorophenyl)ethane (DDTs)');
insert into t_factor_index(id,code,factor_category,edit_flag,name,e_name) values ('7658945a476744580147674eef133008', 'w33008','3333ae2734d64bbe8b598af6c6610022',0,'2，4-滴2,4-D', '(2,4-Dichlorophenoxyacetic acid）');
insert into t_factor_index(id,code,factor_category,edit_flag,name,e_name) values ('7658945a476744580147674eef133009', 'w33009','3333ae2734d64bbe8b598af6c6610022',0,'氯丹', 'Chlordane');
insert into t_factor_index(id,code,factor_category,edit_flag,name,e_name) values ('7658945a476744580147674eef133010', 'w33010','3333ae2734d64bbe8b598af6c6610022',0,'敌敌畏', 'Dichlorvos');
insert into t_factor_index(id,code,factor_category,edit_flag,name,e_name) values ('7658945a476744580147674eef133011', 'w33011','3333ae2734d64bbe8b598af6c6610022',0,'敌百虫', 'Trichlorfon');
insert into t_factor_index(id,code,factor_category,edit_flag,name,e_name) values ('7658945a476744580147674eef133012', 'w33012','3333ae2734d64bbe8b598af6c6610022',0,'百菌清', 'Chlorothalonil');
insert into t_factor_index(id,code,factor_category,edit_flag,name,e_name) values ('7658945a476744580147674eef133013', 'w33013','3333ae2734d64bbe8b598af6c6610022',0,'甲氧氯', 'Methoxychlor');
insert into t_factor_index(id,code,factor_category,edit_flag,name,e_name) values ('7658945a476744580147674eef133014', 'w33014','3333ae2734d64bbe8b598af6c6610022',0,'四氯二苯并二噁口英（2，3，7，8-TCDD）', '2,3,7,8-Tetrachlorodibenzo-p-dioxin (TCDD)');
insert into t_factor_index(id,code,factor_category,edit_flag,name,e_name) values ('7658945a476744580147674eef133015', 'w33015','3333ae2734d64bbe8b598af6c6610022',0,'毒死蜱', 'Chlorpyrifos Methyl');
insert into t_factor_index(id,code,factor_category,edit_flag,name,e_name) values ('7658945a476744580147674eef133016', 'w33016','3333ae2734d64bbe8b598af6c6610022',0,'艾氏剂/狄氏剂Aldrin /', 'Dieldrin');
insert into t_factor_index(id,code,factor_category,edit_flag,name,e_name) values ('7658945a476744580147674eef133017', 'w33017','3333ae2734d64bbe8b598af6c6610022',0,'异狄氏剂', 'Endrin');
insert into t_factor_index(id,code,factor_category,edit_flag,name,e_name) values ('7658945a476744580147674eef133018', 'w33018','3333ae2734d64bbe8b598af6c6610022',0,'有机磷农药', 'Organophosphorus pesticide');
insert into t_factor_index(id,code,factor_category,edit_flag,name,e_name) values ('7658945a476744580147674eef133019', 'w33019','3333ae2734d64bbe8b598af6c6610022',0,'乐果', 'Dimethoate');
insert into t_factor_index(id,code,factor_category,edit_flag,name,e_name) values ('7658945a476744580147674eef133020', 'w33020','3333ae2734d64bbe8b598af6c6610022',0,'对硫磷', 'Parathion');
insert into t_factor_index(id,code,factor_category,edit_flag,name,e_name) values ('7658945a476744580147674eef133021', 'w33021','3333ae2734d64bbe8b598af6c6610022',0,'甲基对硫磷', 'Parathion-methyl');
insert into t_factor_index(id,code,factor_category,edit_flag,name,e_name) values ('7658945a476744580147674eef133022', 'w33022','3333ae2734d64bbe8b598af6c6610022',0,'马拉硫磷', 'Malathion');
insert into t_factor_index(id,code,factor_category,edit_flag,name,e_name) values ('7658945a476744580147674eef133023', 'w33023','3333ae2734d64bbe8b598af6c6610022',0,'甲胺磷', 'Methamidophos');
insert into t_factor_index(id,code,factor_category,edit_flag,name,e_name) values ('7658945a476744580147674eef133024', 'w33024','3333ae2734d64bbe8b598af6c6610022',0,'草甘膦', 'Glyphosate');
insert into t_factor_index(id,code,factor_category,edit_flag,name,e_name) values ('7658945a476744580147674eef133025', 'w33025','3333ae2734d64bbe8b598af6c6610022',0,'内吸磷', 'Systox');
insert into t_factor_index(id,code,factor_category,edit_flag,name,e_name) values ('7658945a476744580147674eef133026', 'w33026','3333ae2734d64bbe8b598af6c6610022',0,'杀螟硫磷', 'Sumithion');
insert into t_factor_index(id,code,factor_category,edit_flag,name,e_name) values ('7658945a476744580147674eef133027', 'w33027','3333ae2734d64bbe8b598af6c6610022',0,'苯硫磷', 'Phosphonothioic Acid (EPN)');
insert into t_factor_index(id,code,factor_category,edit_flag,name,e_name) values ('7658945a476744580147674eef133028', 'w33028','3333ae2734d64bbe8b598af6c6610022',0,'谷硫磷', 'Gusathion');
insert into t_factor_index(id,code,factor_category,edit_flag,name,e_name) values ('7658945a476744580147674eef133029', 'w33029','3333ae2734d64bbe8b598af6c6610022',0,'阿特拉津', 'Atrazine');
insert into t_factor_index(id,code,factor_category,edit_flag,name,e_name) values ('7658945a476744580147674eef133030', 'w33030','3333ae2734d64bbe8b598af6c6610022',0,'西玛津', 'Simazine');
insert into t_factor_index(id,code,factor_category,edit_flag,name,e_name) values ('7658945a476744580147674eef133031', 'w33031','3333ae2734d64bbe8b598af6c6610022',0,'毒杀芬', 'Toxaphene');
insert into t_factor_index(id,code,factor_category,edit_flag,name,e_name) values ('7658945a476744580147674eef133032', 'w33032','3333ae2734d64bbe8b598af6c6610022',0,'草不绿', 'Alachlor');
insert into t_factor_index(id,code,factor_category,edit_flag,name,e_name) values ('7658945a476744580147674eef133033', 'w33033','3333ae2734d64bbe8b598af6c6610022',0,'百草枯离子', 'Paraquat');
insert into t_factor_index(id,code,factor_category,edit_flag,name,e_name) values ('7658945a476744580147674eef133034', 'w33034','3333ae2734d64bbe8b598af6c6610022',0,'氟虫腈', 'Fipronil');
insert into t_factor_index(id,code,factor_category,edit_flag,name,e_name) values ('7658945a476744580147674eef133035', 'w33035','3333ae2734d64bbe8b598af6c6610022',0,'吡虫啉', 'Imidacloprid');
insert into t_factor_index(id,code,factor_category,edit_flag,name,e_name) values ('7658945a476744580147674eef133036', 'w33036','3333ae2734d64bbe8b598af6c6610022',0,'三唑酮', 'Triadimefon');
insert into t_factor_index(id,code,factor_category,edit_flag,name,e_name) values ('7658945a476744580147674eef133037', 'w33037','3333ae2734d64bbe8b598af6c6610022',0,'除草醚', 'Nitrofen');
insert into t_factor_index(id,code,factor_category,edit_flag,name,e_name) values ('7658945a476744580147674eef133038', 'w33038','3333ae2734d64bbe8b598af6c6610022',0,'灭蚁灵', 'Mirex');
insert into t_factor_index(id,code,factor_category,edit_flag,name,e_name) values ('7658945a476744580147674eef133039', 'w33039','3333ae2734d64bbe8b598af6c6610022',0,'茅草枯', 'Dalapon');
insert into t_factor_index(id,code,factor_category,edit_flag,name,e_name) values ('7658945a476744580147674eef133040', 'w33040','3333ae2734d64bbe8b598af6c6610022',0,'毒莠定', 'Picloram');
insert into t_factor_index(id,code,factor_category,edit_flag,name,e_name) values ('7658945a476744580147674eef133041', 'w33041','3333ae2734d64bbe8b598af6c6610022',0,'杀草丹', 'Thiobencarb');
insert into t_factor_index(id,code,factor_category,edit_flag,name,e_name) values ('7658945a476744580147674eef133042', 'w33042','3333ae2734d64bbe8b598af6c6610022',0,'绿麦隆', 'Chlorotoluron');
insert into t_factor_index(id,code,factor_category,edit_flag,name,e_name) values ('7658945a476744580147674eef133043', 'w33043','3333ae2734d64bbe8b598af6c6610022',0,'二氯苯醚菊酯', 'Permethrin');
insert into t_factor_index(id,code,factor_category,edit_flag,name,e_name) values ('7658945a476744580147674eef133044', 'w33044','3333ae2734d64bbe8b598af6c6610022',0,'稻瘟灵', 'Isoprothiolane');
insert into t_factor_index(id,code,factor_category,edit_flag,name,e_name) values ('7658945a476744580147674eef133045', 'w33045','3333ae2734d64bbe8b598af6c6610022',0,'二嗪农', 'Diazinon');
insert into t_factor_index(id,code,factor_category,edit_flag,name,e_name) values ('7658945a476744580147674eef133046', 'w33046','3333ae2734d64bbe8b598af6c6610022',0,'异稻瘟净', 'Iprobenfos（IBP）');
insert into t_factor_index(id,code,factor_category,edit_flag,name,e_name) values ('7658945a476744580147674eef133047', 'w33047','3333ae2734d64bbe8b598af6c6610022',0,'N-甲基-1-萘基氨基甲酸酯（西维因、甲萘威）', 'Carbaryl');
insert into t_factor_index(id,code,factor_category,edit_flag,name,e_name) values ('7658945a476744580147674eef133048', 'w33048','3333ae2734d64bbe8b598af6c6610022',0,'涕灭威', 'Aldicarb');
insert into t_factor_index(id,code,factor_category,edit_flag,name,e_name) values ('7658945a476744580147674eef133049', 'w33049','3333ae2734d64bbe8b598af6c6610022',0,'草达灭', 'Molinate');
insert into t_factor_index(id,code,factor_category,edit_flag,name,e_name) values ('7658945a476744580147674eef133050', 'w33050','3333ae2734d64bbe8b598af6c6610022',0,'噻草平/苯达松', 'Bentazone');
insert into t_factor_index(id,code,factor_category,edit_flag,name,e_name) values ('7658945a476744580147674eef133051', 'w33051','3333ae2734d64bbe8b598af6c6610022',0,'呋喃丹', 'Carbofuran');
insert into t_factor_index(id,code,factor_category,edit_flag,name,e_name) values ('7658945a476744580147674eef133052', 'w33052','3333ae2734d64bbe8b598af6c6610022',0,'溴氰菊酯', 'Deltamethrin');
insert into t_factor_index(id,code,factor_category,edit_flag,name,e_name) values ('7658945a476744580147674eef133053', 'w33053','3333ae2734d64bbe8b598af6c6610022',0,'秋兰姆', 'Thiuram');
insert into t_factor_index(id,code,factor_category,edit_flag,name,e_name) values ('7658945a476744580147674eef133054', 'w33054','3333ae2734d64bbe8b598af6c6610022',0,'异佛尔酮', 'Isophorone');
insert into t_factor_index(id,code,factor_category,edit_flag,name,e_name) values ('7658945a476744580147674eef133055', 'w33055','3333ae2734d64bbe8b598af6c6610022',0,'硫丹硫酸盐', 'Endosulfan Sulfate');
insert into t_factor_index(id,code,factor_category,edit_flag,name,e_name) values ('7658945a476744580147674eef133056', 'w33056','3333ae2734d64bbe8b598af6c6610022',0,'地乐酚', 'Dinoseb');
insert into t_factor_index(id,code,factor_category,edit_flag,name,e_name) values ('7658945a476744580147674eef133057', 'w33057','3333ae2734d64bbe8b598af6c6610022',0,'杀草快', 'Diquat');
insert into t_factor_index(id,code,factor_category,edit_flag,name,e_name) values ('7658945a476744580147674eef133058', 'w33058','3333ae2734d64bbe8b598af6c6610022',0,'仲丁威', 'Fenobucarb（BPMC）');
insert into t_factor_index(id,code,factor_category,edit_flag,name,e_name) values ('7658945a476744580147674eef133059', 'w33059','3333ae2734d64bbe8b598af6c6610022',0,'异丙隆', 'Isoproturon');
insert into t_factor_index(id,code,factor_category,edit_flag,name,e_name) values ('7658945a476744580147674eef133060', 'w33060','3333ae2734d64bbe8b598af6c6610022',0,'二甲戊乐灵', 'Pendimethalin');
insert into t_factor_index(id,code,factor_category,edit_flag,name,e_name) values ('7658945a476744580147674eef133061', 'w33061','3333ae2734d64bbe8b598af6c6610022',0,'氟乐灵', 'Trifluralin');
insert into t_factor_index(id,code,factor_category,edit_flag,name,e_name) values ('7658945a476744580147674eef133062', 'w33062','3333ae2734d64bbe8b598af6c6610022',0,'α-硫丹', 'α-Endosulfan');
insert into t_factor_index(id,code,factor_category,edit_flag,name,e_name) values ('7658945a476744580147674eef133063', 'w33063','3333ae2734d64bbe8b598af6c6610022',0,'β-硫丹', 'β-Endosulfan');
insert into t_factor_index(id,code,factor_category,edit_flag,name,e_name) values ('7658945a476744580147674eef133064', 'w33064','3333ae2734d64bbe8b598af6c6610022',0,'马来酐', 'Maleic Anhydride');
insert into t_factor_index(id,code,factor_category,edit_flag,name,e_name) values ('7658945a476744580147674eef133065', 'w33065','3333ae2734d64bbe8b598af6c6610022',0,'噻酚', 'Thiophene');
insert into t_factor_index(id,code,factor_category,edit_flag,name,e_name) values ('7658945a476744580147674eef133066', 'w33066','3333ae2734d64bbe8b598af6c6610022',0,'二硫化四乙基秋兰姆', 'Tetraethylthiuram Disulfide');
insert into t_factor_index(id,code,factor_category,edit_flag,name,e_name) values ('7658945a476744580147674eef133067', 'w33067','3333ae2734d64bbe8b598af6c6610022',0,'异恶噻酰胺', 'Isoxicam');
insert into t_factor_index(id,code,factor_category,edit_flag,name,e_name) values ('7658945a476744580147674eef133068', 'w33068','3333ae2734d64bbe8b598af6c6610022',0,'草藻灭', 'Endothall');
insert into t_factor_index(id,code,factor_category,edit_flag,name,e_name) values ('7658945a476744580147674eef133069', 'w33069','3333ae2734d64bbe8b598af6c6610022',0,'达草止', 'Pyridate');

/**因子指标插入------- '消毒剂及其副产物'------**/
insert into t_factor_index(id,code,factor_category,edit_flag,name,e_name) values ('7658945a476744580147674eef134001', 'w34001','3333ae2734d64bbe8b598af6c6610023',0,'二氧化氯', 'Chlorine Dioxide');
insert into t_factor_index(id,code,factor_category,edit_flag,name,e_name) values ('7658945a476744580147674eef134002', 'w34002','3333ae2734d64bbe8b598af6c6610023',0,'消毒剂及消毒副产物氯', 'Disinfectants and Disinfection by-productsChlorine');
insert into t_factor_index(id,code,factor_category,edit_flag,name,e_name) values ('7658945a476744580147674eef134003', 'w34003','3333ae2734d64bbe8b598af6c6610023',0,'总三卤甲烷', 'Total Trihalomethanes (TTHMs)');
insert into t_factor_index(id,code,factor_category,edit_flag,name,e_name) values ('7658945a476744580147674eef134004', 'w34004','3333ae2734d64bbe8b598af6c6610023',0,'卤乙酸', 'Haloacetic Acids (HAAs)');
insert into t_factor_index(id,code,factor_category,edit_flag,name,e_name) values ('7658945a476744580147674eef134005', 'w34005','3333ae2734d64bbe8b598af6c6610023',0,'二氯乙酸', 'Dichloroacetic Acid');
insert into t_factor_index(id,code,factor_category,edit_flag,name,e_name) values ('7658945a476744580147674eef134006', 'w34006','3333ae2734d64bbe8b598af6c6610023',0,'三氯乙酸', 'Trichloroacetic Acid');
insert into t_factor_index(id,code,factor_category,edit_flag,name,e_name) values ('7658945a476744580147674eef134007', 'w34007','3333ae2734d64bbe8b598af6c6610023',0,'亚氯酸盐', 'Chlorite');
insert into t_factor_index(id,code,factor_category,edit_flag,name,e_name) values ('7658945a476744580147674eef134008', 'w34008','3333ae2734d64bbe8b598af6c6610023',0,'氯胺', 'Chloramine');
insert into t_factor_index(id,code,factor_category,edit_flag,name,e_name) values ('7658945a476744580147674eef134009', 'w34009','3333ae2734d64bbe8b598af6c6610023',0,'氯酸盐', 'Chlorate');
insert into t_factor_index(id,code,factor_category,edit_flag,name,e_name) values ('7658945a476744580147674eef134010', 'w34010','3333ae2734d64bbe8b598af6c6610023',0,'溴酸盐', 'Bromate');
insert into t_factor_index(id,code,factor_category,edit_flag,name,e_name) values ('7658945a476744580147674eef134011', 'w34011','3333ae2734d64bbe8b598af6c6610023',0,'臭氧', 'Ozone');

/**因子指标插入------- '其他污染物'------**/
insert into t_factor_index(id,code,factor_category,edit_flag,name,e_name) values ('7658945a476744580147674eef199001', 'w99001','3333ae2734d64bbe8b598af6c6610024',0,'有机氮', 'Organic Nitrogen');
insert into t_factor_index(id,code,factor_category,edit_flag,name,e_name) values ('7658945a476744580147674eef199002', 'w99002','3333ae2734d64bbe8b598af6c6610024',0,'可吸附有机卤化物', 'Adsorbable Organic Halogens');
insert into t_factor_index(id,code,factor_category,edit_flag,name,e_name) values ('7658945a476744580147674eef199003', 'w99003','3333ae2734d64bbe8b598af6c6610024',0,'环氧七氯', 'Heptachlor Epoxide');
insert into t_factor_index(id,code,factor_category,edit_flag,name,e_name) values ('7658945a476744580147674eef199004', 'w99004','3333ae2734d64bbe8b598af6c6610024',0,'微囊藻毒素-', 'LRMicrocyst lin-LR');
insert into t_factor_index(id,code,factor_category,edit_flag,name,e_name) values ('7658945a476744580147674eef199005', 'w99005','3333ae2734d64bbe8b598af6c6610024',0,'硫氰酸盐', 'Thiocyanate Thiocyanide');
insert into t_factor_index(id,code,factor_category,edit_flag,name,e_name) values ('7658945a476744580147674eef199006', 'w99006','3333ae2734d64bbe8b598af6c6610024',0,'氨基乙二酰', 'Oxamyl (Vydate)');
insert into t_factor_index(id,code,factor_category,edit_flag,name,e_name) values ('7658945a476744580147674eef199007', 'w99007','3333ae2734d64bbe8b598af6c6610024',0,'3-氯-4-二氯甲基-5-羟基-2（5H）-呋喃酮（MX）', '(3-Chloro-4-dichloromethyl-5-hydroxy-2(5H)-furanone)');
insert into t_factor_index(id,code,factor_category,edit_flag,name,e_name) values ('7658945a476744580147674eef199008', 'w99008','3333ae2734d64bbe8b598af6c6610024',0,'氯丙酮', 'Chloroacetone');
insert into t_factor_index(id,code,factor_category,edit_flag,name,e_name) values ('7658945a476744580147674eef199009', 'w99009','3333ae2734d64bbe8b598af6c6610024',0,'乙腈', 'Acetonitrile');
insert into t_factor_index(id,code,factor_category,edit_flag,name,e_name) values ('7658945a476744580147674eef199010', 'w99010','3333ae2734d64bbe8b598af6c6610024',0,'丙烯腈', 'Acrylonitrile');
insert into t_factor_index(id,code,factor_category,edit_flag,name,e_name) values ('7658945a476744580147674eef199011', 'w99011','3333ae2734d64bbe8b598af6c6610024',0,'卤乙腈类', 'Halogenated acetonitriles');
insert into t_factor_index(id,code,factor_category,edit_flag,name,e_name) values ('7658945a476744580147674eef199012', 'w99012','3333ae2734d64bbe8b598af6c6610024',0,'氯乙腈', 'Cyanogen chloride');
insert into t_factor_index(id,code,factor_category,edit_flag,name,e_name) values ('7658945a476744580147674eef199013', 'w99013','3333ae2734d64bbe8b598af6c6610024',0,'二氯乙腈', 'Dichloroacetonitrile');
insert into t_factor_index(id,code,factor_category,edit_flag,name,e_name) values ('7658945a476744580147674eef199014', 'w99014','3333ae2734d64bbe8b598af6c6610024',0,'三氯乙腈', 'Trichloroacetonitrile');
insert into t_factor_index(id,code,factor_category,edit_flag,name,e_name) values ('7658945a476744580147674eef199015', 'w99015','3333ae2734d64bbe8b598af6c6610024',0,'二溴乙腈', 'Dibromoacetonitrile');
insert into t_factor_index(id,code,factor_category,edit_flag,name,e_name) values ('7658945a476744580147674eef199016', 'w99016','3333ae2734d64bbe8b598af6c6610024',0,'氯溴乙腈', 'Bromochloroacetonitrile');
insert into t_factor_index(id,code,factor_category,edit_flag,name,e_name) values ('7658945a476744580147674eef199017', 'w99017','3333ae2734d64bbe8b598af6c6610024',0,'丁烯腈-[2]', '2-Butenenitrile');
insert into t_factor_index(id,code,factor_category,edit_flag,name,e_name) values ('7658945a476744580147674eef199018', 'w99018','3333ae2734d64bbe8b598af6c6610024',0,'烷基磺酸钠', 'Sodium Alkane Sulfonate');
insert into t_factor_index(id,code,factor_category,edit_flag,name,e_name) values ('7658945a476744580147674eef199019', 'w99019','3333ae2734d64bbe8b598af6c6610024',0,'烷基苯磺酸钠', 'Sodium Alkylbenezenesulfonate');
insert into t_factor_index(id,code,factor_category,edit_flag,name,e_name) values ('7658945a476744580147674eef199020', 'w99020','3333ae2734d64bbe8b598af6c6610024',0,'十二烷基苯磺酸盐', 'Dodecylbenzene Sulfonate');
insert into t_factor_index(id,code,factor_category,edit_flag,name,e_name) values ('7658945a476744580147674eef199021', 'w99021','3333ae2734d64bbe8b598af6c6610024',0,'对氯苯磺酸钠', 'Sodium 4-Chlorobenzenesulfonate');
insert into t_factor_index(id,code,factor_category,edit_flag,name,e_name) values ('7658945a476744580147674eef199022', 'w99022','3333ae2734d64bbe8b598af6c6610024',0,'烷基硫酸盐', 'Alkyl Sulphate');
insert into t_factor_index(id,code,factor_category,edit_flag,name,e_name) values ('7658945a476744580147674eef199023', 'w99023','3333ae2734d64bbe8b598af6c6610024',0,'三氯乙酸钠', 'Sodium Trichloroacetate');
insert into t_factor_index(id,code,factor_category,edit_flag,name,e_name) values ('7658945a476744580147674eef199024', 'w99024','3333ae2734d64bbe8b598af6c6610024',0,'磺胺噻唑', 'Sulfathiazole');
insert into t_factor_index(id,code,factor_category,edit_flag,name,e_name) values ('7658945a476744580147674eef199025', 'w99025','3333ae2734d64bbe8b598af6c6610024',0,'呋喃', 'Furan');
insert into t_factor_index(id,code,factor_category,edit_flag,name,e_name) values ('7658945a476744580147674eef199026', 'w99026','3333ae2734d64bbe8b598af6c6610024',0,'1，3-二乙基-1，3-二苯基脲', 'N,N-Diethyl-N,N-diphenylurea');
insert into t_factor_index(id,code,factor_category,edit_flag,name,e_name) values ('7658945a476744580147674eef199027', 'w99027','3333ae2734d64bbe8b598af6c6610024',0,'链霉素', 'Streptomycin');
insert into t_factor_index(id,code,factor_category,edit_flag,name,e_name) values ('7658945a476744580147674eef199028', 'w99028','3333ae2734d64bbe8b598af6c6610024',0,'总硝基化合物', 'Total Nitrocompounds');

/****初始化地表水质标准污染浓度限值****/
INSERT INTO t_surface_water_standard(id,factor_index,quality_grade,limit_type,VALUE,up_value,down_value) VALUES ('0301c0cf98fe402eaa338249b8fd9012','7658945a476744580147674eef101009', '1c70ae2734d64bbe8b598af6c6612423', 2, 7.5,  NULL, NULL);
INSERT INTO t_surface_water_standard(id,factor_index,quality_grade,limit_type,VALUE,up_value,down_value) VALUES ('0302c0cf98fe402eaa338249b8fd9012','7658945a476744580147674eef101009', '2c70ae2734d64bbe8b598af6c6612423', 2, 6,    NULL, NULL);
INSERT INTO t_surface_water_standard(id,factor_index,quality_grade,limit_type,VALUE,up_value,down_value) VALUES ('0303c0cf98fe402eaa338249b8fd9012','7658945a476744580147674eef101009', '3c70ae2734d64bbe8b598af6c6612423', 2, 5,    NULL, NULL);
INSERT INTO t_surface_water_standard(id,factor_index,quality_grade,limit_type,VALUE,up_value,down_value) VALUES ('0304c0cf98fe402eaa338249b8fd9012','7658945a476744580147674eef101009', '5c70ae2734d64bbe8b598af6c6612423', 2, 3,    NULL, NULL);
INSERT INTO t_surface_water_standard(id,factor_index,quality_grade,limit_type,VALUE,up_value,down_value) VALUES ('0305c0cf98fe402eaa338249b8fd9012','7658945a476744580147674eef101009', '6c70ae2734d64bbe8b598af6c6612423', 2, 2,    NULL, NULL);
INSERT INTO t_surface_water_standard(id,factor_index,quality_grade,limit_type,VALUE,up_value,down_value) VALUES ('0401c0cf98fe402eaa338249b8fd9012','7658945a476744580147674eef101019', '1c70ae2734d64bbe8b598af6c6612423', 1, 2,    NULL, NULL);
INSERT INTO t_surface_water_standard(id,factor_index,quality_grade,limit_type,VALUE,up_value,down_value) VALUES ('0402c0cf98fe402eaa338249b8fd9012','7658945a476744580147674eef101019', '2c70ae2734d64bbe8b598af6c6612423', 1, 4,    NULL, NULL);
INSERT INTO t_surface_water_standard(id,factor_index,quality_grade,limit_type,VALUE,up_value,down_value) VALUES ('0403c0cf98fe402eaa338249b8fd9012','7658945a476744580147674eef101019', '3c70ae2734d64bbe8b598af6c6612423', 1, 6,    NULL, NULL);
INSERT INTO t_surface_water_standard(id,factor_index,quality_grade,limit_type,VALUE,up_value,down_value) VALUES ('0404c0cf98fe402eaa338249b8fd9012','7658945a476744580147674eef101019', '5c70ae2734d64bbe8b598af6c6612423', 1, 10,   NULL, NULL);
INSERT INTO t_surface_water_standard(id,factor_index,quality_grade,limit_type,VALUE,up_value,down_value) VALUES ('0405c0cf98fe402eaa338249b8fd9012','7658945a476744580147674eef101019', '6c70ae2734d64bbe8b598af6c6612423', 1, 15,   NULL, NULL);
INSERT INTO t_surface_water_standard(id,factor_index,quality_grade,limit_type,VALUE,up_value,down_value) VALUES ('0701c0cf98fe402eaa338249b8fd9012','7658945a476744580147674eef121003', '1c70ae2734d64bbe8b598af6c6612423', 1, 0.15, NULL, NULL);
INSERT INTO t_surface_water_standard(id,factor_index,quality_grade,limit_type,VALUE,up_value,down_value) VALUES ('0702c0cf98fe402eaa338249b8fd9012','7658945a476744580147674eef121003', '2c70ae2734d64bbe8b598af6c6612423', 1, 0.5,  NULL, NULL);
INSERT INTO t_surface_water_standard(id,factor_index,quality_grade,limit_type,VALUE,up_value,down_value) VALUES ('0703c0cf98fe402eaa338249b8fd9012','7658945a476744580147674eef121003', '3c70ae2734d64bbe8b598af6c6612423', 1, 1,    NULL, NULL);
INSERT INTO t_surface_water_standard(id,factor_index,quality_grade,limit_type,VALUE,up_value,down_value) VALUES ('0704c0cf98fe402eaa338249b8fd9012','7658945a476744580147674eef121003', '5c70ae2734d64bbe8b598af6c6612423', 1, 1.5,  NULL, NULL);
INSERT INTO t_surface_water_standard(id,factor_index,quality_grade,limit_type,VALUE,up_value,down_value) VALUES ('0705c0cf98fe402eaa338249b8fd9012','7658945a476744580147674eef121003', '6c70ae2734d64bbe8b598af6c6612423', 1, 2,    NULL, NULL);
INSERT INTO t_surface_water_standard(id,factor_index,quality_grade,limit_type,VALUE,up_value,down_value) VALUES ('0801c0cf98fe402eaa338249b8fd9012','7658945a476744580147674eef121011', '1c70ae2734d64bbe8b598af6c6612423', 1, 0.01, NULL, NULL);
INSERT INTO t_surface_water_standard(id,factor_index,quality_grade,limit_type,VALUE,up_value,down_value) VALUES ('0802c0cf98fe402eaa338249b8fd9012','7658945a476744580147674eef121011', '2c70ae2734d64bbe8b598af6c6612423', 1, 0.1,  NULL, NULL);
INSERT INTO t_surface_water_standard(id,factor_index,quality_grade,limit_type,VALUE,up_value,down_value) VALUES ('0803c0cf98fe402eaa338249b8fd9012','7658945a476744580147674eef121011', '3c70ae2734d64bbe8b598af6c6612423', 1, 0.2,  NULL, NULL);
INSERT INTO t_surface_water_standard(id,factor_index,quality_grade,limit_type,VALUE,up_value,down_value) VALUES ('0804c0cf98fe402eaa338249b8fd9012','7658945a476744580147674eef121011', '5c70ae2734d64bbe8b598af6c6612423', 1, 0.3,  NULL, NULL);
INSERT INTO t_surface_water_standard(id,factor_index,quality_grade,limit_type,VALUE,up_value,down_value) VALUES ('0805c0cf98fe402eaa338249b8fd9012','7658945a476744580147674eef121011', '6c70ae2734d64bbe8b598af6c6612423', 1, 0.4,  NULL, NULL);
INSERT INTO t_surface_water_standard(id,factor_index,quality_grade,limit_type,VALUE,up_value,down_value) VALUES ('1501c0cf98fe402eaa338249b8fd9012','7658945a476744580147674eef120111', '1c70ae2734d64bbe8b598af6c6612423', 1, 0.05, NULL, NULL);
INSERT INTO t_surface_water_standard(id,factor_index,quality_grade,limit_type,VALUE,up_value,down_value) VALUES ('1502c0cf98fe402eaa338249b8fd9012','7658945a476744580147674eef120111', '2c70ae2734d64bbe8b598af6c6612423', 1, 0.05, NULL, NULL);
INSERT INTO t_surface_water_standard(id,factor_index,quality_grade,limit_type,VALUE,up_value,down_value) VALUES ('1503c0cf98fe402eaa338249b8fd9012','7658945a476744580147674eef120111', '3c70ae2734d64bbe8b598af6c6612423', 1, 0.01, NULL, NULL);
INSERT INTO t_surface_water_standard(id,factor_index,quality_grade,limit_type,VALUE,up_value,down_value) VALUES ('1504c0cf98fe402eaa338249b8fd9012','7658945a476744580147674eef120111', '5c70ae2734d64bbe8b598af6c6612423', 1, 0.001,NULL, NULL);
INSERT INTO t_surface_water_standard(id,factor_index,quality_grade,limit_type,VALUE,up_value,down_value) VALUES ('1505c0cf98fe402eaa338249b8fd9012','7658945a476744580147674eef120111', '6c70ae2734d64bbe8b598af6c6612423', 1, 0.001,NULL, NULL);
INSERT INTO t_surface_water_standard(id,factor_index,quality_grade,limit_type,VALUE,up_value,down_value) VALUES ('1801c0cf98fe402eaa338249b8fd9012','7658945a476744580147674eef120120', '1c70ae2734d64bbe8b598af6c6612423', 1, 0.001,NULL, NULL);
INSERT INTO t_surface_water_standard(id,factor_index,quality_grade,limit_type,VALUE,up_value,down_value) VALUES ('1802c0cf98fe402eaa338249b8fd9012','7658945a476744580147674eef120120', '2c70ae2734d64bbe8b598af6c6612423', 1, 0.001,NULL, NULL);
INSERT INTO t_surface_water_standard(id,factor_index,quality_grade,limit_type,VALUE,up_value,down_value) VALUES ('1803c0cf98fe402eaa338249b8fd9012','7658945a476744580147674eef120120', '3c70ae2734d64bbe8b598af6c6612423', 1, 0.05, NULL, NULL);
INSERT INTO t_surface_water_standard(id,factor_index,quality_grade,limit_type,VALUE,up_value,down_value) VALUES ('1804c0cf98fe402eaa338249b8fd9012','7658945a476744580147674eef120120', '5c70ae2734d64bbe8b598af6c6612423', 1, 0.05, NULL, NULL);
INSERT INTO t_surface_water_standard(id,factor_index,quality_grade,limit_type,VALUE,up_value,down_value) VALUES ('1805c0cf98fe402eaa338249b8fd9012','7658945a476744580147674eef120120', '6c70ae2734d64bbe8b598af6c6612423', 1, 0.1,  NULL, NULL);
INSERT INTO t_surface_water_standard(id,factor_index,quality_grade,limit_type,VALUE,up_value,down_value) VALUES ('2501c0cf98fe402eaa338249b8fd9012','7658945a476744580147674eef101001', '1c70ae2734d64bbe8b598af6c6612423', 0, NULL,  9.0, 6.0);
INSERT INTO t_surface_water_standard(id,factor_index,quality_grade,limit_type,VALUE,up_value,down_value) VALUES ('2502c0cf98fe402eaa338249b8fd9012','7658945a476744580147674eef101001', '2c70ae2734d64bbe8b598af6c6612423', 0, NULL,  9.0, 6.0);
INSERT INTO t_surface_water_standard(id,factor_index,quality_grade,limit_type,VALUE,up_value,down_value) VALUES ('2503c0cf98fe402eaa338249b8fd9012','7658945a476744580147674eef101001', '3c70ae2734d64bbe8b598af6c6612423', 0, NULL,  9.0, 6.0);
INSERT INTO t_surface_water_standard(id,factor_index,quality_grade,limit_type,VALUE,up_value,down_value) VALUES ('2504c0cf98fe402eaa338249b8fd9012','7658945a476744580147674eef101001', '5c70ae2734d64bbe8b598af6c6612423', 0, NULL,  9.0, 6.0);
INSERT INTO t_surface_water_standard(id,factor_index,quality_grade,limit_type,VALUE,up_value,down_value) VALUES ('2505c0cf98fe402eaa338249b8fd9012','7658945a476744580147674eef101001', '6c70ae2734d64bbe8b598af6c6612423', 0, NULL,  9.0, 6.0);
INSERT INTO t_surface_water_standard(id,factor_index,quality_grade,limit_type,VALUE,up_value,down_value) VALUES ('2c9386d347d40f9b0147d83ccdb4000c','7658945a476744580147674eef121001', '1c70ae2734d64bbe8b598af6c6612423', 1, 0.2,  NULL, NULL);
INSERT INTO t_surface_water_standard(id,factor_index,quality_grade,limit_type,VALUE,up_value,down_value) VALUES ('2c9386d347d40f9b0147d83d6532000d','7658945a476744580147674eef121001', '2c70ae2734d64bbe8b598af6c6612423', 1, 0.5,  NULL, NULL);
INSERT INTO t_surface_water_standard(id,factor_index,quality_grade,limit_type,VALUE,up_value,down_value) VALUES ('2c9386d347d40f9b0147d83d80bd000e','7658945a476744580147674eef121001', '3c70ae2734d64bbe8b598af6c6612423', 1, 1,    NULL, NULL);
INSERT INTO t_surface_water_standard(id,factor_index,quality_grade,limit_type,VALUE,up_value,down_value) VALUES ('2c9386d347d40f9b0147d83e08ff000f','7658945a476744580147674eef121001', '5c70ae2734d64bbe8b598af6c6612423', 1, 1.5,  NULL, NULL);
INSERT INTO t_surface_water_standard(id,factor_index,quality_grade,limit_type,VALUE,up_value,down_value) VALUES ('2c9386d347d40f9b0147d83e58850010','7658945a476744580147674eef121001', '6c70ae2734d64bbe8b598af6c6612423', 1, 2,    NULL, NULL);


