-- 新增大气污染物
insert into t_factor_index(id,code,factor_category,edit_flag,name,e_name,chemical_symbol) values ('fd4e27d5b2b7949811eac7455618c1fe', 'a01001','3333ae2734d64bbe8b598af6c6610003',1,'温度',null,null);
insert into t_factor_index(id,code,factor_category,edit_flag,name,e_name,chemical_symbol) values ('fd4e27d5b2b7949811eac7455618c5dc', 'a01002','3333ae2734d64bbe8b598af6c6610003',1,'湿度',null,null);
insert into t_factor_index(id,code,factor_category,edit_flag,name,e_name,chemical_symbol) values ('fd4e27d5b2b7949811eac7455618c6b8', 'a01007','3333ae2734d64bbe8b598af6c6610003',1,'风速',null,null);
insert into t_factor_index(id,code,factor_category,edit_flag,name,e_name,chemical_symbol) values ('fd4e27d5b2b7949811eac7455618c73a', 'a01008','3333ae2734d64bbe8b598af6c6610003',1,'风向',null,null);
insert into t_factor_index(id,code,factor_category,edit_flag,name,e_name,chemical_symbol) values ('fd4e27d5b2b7949811eac7455618c7c6', 'a01011','3333ae2734d64bbe8b598af6c6610003',1,'烟气瞬时流量',null,null);
insert into t_factor_index(id,code,factor_category,edit_flag,name,e_name,chemical_symbol) values ('fd4e27d5b2b7949811eac7455618c834', 'a01011-1','3333ae2734d64bbe8b598af6c6610003',1,'烟气累计流量',null,null);
insert into t_factor_index(id,code,factor_category,edit_flag,name,e_name,chemical_symbol) values ('fd4e27d5b2b7949811eac7455618c898', 'a01012','3333ae2734d64bbe8b598af6c6610003',1,'烟气温度',null,null);
insert into t_factor_index(id,code,factor_category,edit_flag,name,e_name,chemical_symbol) values ('fd4e27d5b2b7949811eac7455618c8fc', 'a01013','3333ae2734d64bbe8b598af6c6610003',1,'烟气压力',null,null);
insert into t_factor_index(id,code,factor_category,edit_flag,name,e_name,chemical_symbol) values ('fd4e27d5b2b7949811eac7455618c960', 'a01014','3333ae2734d64bbe8b598af6c6610003',1,'烟气湿度',null,null);
insert into t_factor_index(id,code,factor_category,edit_flag,name,e_name,chemical_symbol) values ('fd4e27d5b2b7949811eac7455618c9ec', 'a01020','3333ae2734d64bbe8b598af6c6610003',1,'能见度',null,null);
insert into t_factor_index(id,code,factor_category,edit_flag,name,e_name,chemical_symbol) values ('fd4e27d5b2b7949811eac7455618ca5a', 'a05024','3333ae2734d64bbe8b598af6c6610003',1,'O₃',null,null);
insert into t_factor_index(id,code,factor_category,edit_flag,name,e_name,chemical_symbol) values ('fd4e27d5b2b7949811eac7455618cac8', 'a06005','3333ae2734d64bbe8b598af6c6610003',1,'SO₄离子',null,null);
insert into t_factor_index(id,code,factor_category,edit_flag,name,e_name,chemical_symbol) values ('fd4e27d5b2b7949811eac7455618cb2c', 'a06008','3333ae2734d64bbe8b598af6c6610003',1,'Cl离子',null,null);
insert into t_factor_index(id,code,factor_category,edit_flag,name,e_name,chemical_symbol) values ('fd4e27d5b2b7949811eac7455618cb9a', 'a06009','3333ae2734d64bbe8b598af6c6610003',1,'NH₄离子',null,null);
insert into t_factor_index(id,code,factor_category,edit_flag,name,e_name,chemical_symbol) values ('fd4e27d5b2b7949811eac7455618cbfe', 'a06010','3333ae2734d64bbe8b598af6c6610003',1,'Ca离子',null,null);
insert into t_factor_index(id,code,factor_category,edit_flag,name,e_name,chemical_symbol) values ('fd4e27d5b2b7949811eac7455618cc62', 'a06011','3333ae2734d64bbe8b598af6c6610003',1,'Mg离子',null,null);
insert into t_factor_index(id,code,factor_category,edit_flag,name,e_name,chemical_symbol) values ('fd4e27d5b2b7949811eac7455618ccc6', 'a06012','3333ae2734d64bbe8b598af6c6610003',1,'Na离子',null,null);
insert into t_factor_index(id,code,factor_category,edit_flag,name,e_name,chemical_symbol) values ('fd4e27d5b2b7949811eac7455618cd2a', 'a06013','3333ae2734d64bbe8b598af6c6610003',1,'K离子',null,null);
insert into t_factor_index(id,code,factor_category,edit_flag,name,e_name,chemical_symbol) values ('fd4e27d5b2b7949811eac7455618cd8e', 'a19001','3333ae2734d64bbe8b598af6c6610003',1,'氧含量',null,null);
insert into t_factor_index(id,code,factor_category,edit_flag,name,e_name,chemical_symbol) values ('fd4e27d5b2b7949811eac7455618cdf2', 'a20004','3333ae2734d64bbe8b598af6c6610003',1,'锑',null,null);
insert into t_factor_index(id,code,factor_category,edit_flag,name,e_name,chemical_symbol) values ('fd4e27d5b2b7949811eac7455618ce56', 'a20007','3333ae2734d64bbe8b598af6c6610003',1,'砷',null,null);
insert into t_factor_index(id,code,factor_category,edit_flag,name,e_name,chemical_symbol) values ('fd4e27d5b2b7949811eac7455618ceba', 'a20012','3333ae2734d64bbe8b598af6c6610003',1,'钡',null,null);
insert into t_factor_index(id,code,factor_category,edit_flag,name,e_name,chemical_symbol) values ('fd4e27d5b2b7949811eac7455618cf14', 'a20026','3333ae2734d64bbe8b598af6c6610003',1,'镉',null,null);
insert into t_factor_index(id,code,factor_category,edit_flag,name,e_name,chemical_symbol) values ('fd4e27d5b2b7949811eac7455618cf78', 'a20029','3333ae2734d64bbe8b598af6c6610003',1,'钙',null,null);
insert into t_factor_index(id,code,factor_category,edit_flag,name,e_name,chemical_symbol) values ('fd4e27d5b2b7949811eac7455618cfdc', 'a20033','3333ae2734d64bbe8b598af6c6610003',1,'铬',null,null);
insert into t_factor_index(id,code,factor_category,edit_flag,name,e_name,chemical_symbol) values ('fd4e27d5b2b7949811eac7455618d040', 'a20038','3333ae2734d64bbe8b598af6c6610003',1,'钴',null,null);
insert into t_factor_index(id,code,factor_category,edit_flag,name,e_name,chemical_symbol) values ('fd4e27d5b2b7949811eac7455618d09a', 'a20041','3333ae2734d64bbe8b598af6c6610003',1,'铜',null,null);
insert into t_factor_index(id,code,factor_category,edit_flag,name,e_name,chemical_symbol) values ('fd4e27d5b2b7949811eac7455618d0fe', 'a20044','3333ae2734d64bbe8b598af6c6610003',1,'铅',null,null);
insert into t_factor_index(id,code,factor_category,edit_flag,name,e_name,chemical_symbol) values ('fd4e27d5b2b7949811eac7455618d162', 'a20055','3333ae2734d64bbe8b598af6c6610003',1,'锰',null,null);
insert into t_factor_index(id,code,factor_category,edit_flag,name,e_name,chemical_symbol) values ('fd4e27d5b2b7949811eac7455618d1bc', 'a20058','3333ae2734d64bbe8b598af6c6610003',1,'汞',null,null);
insert into t_factor_index(id,code,factor_category,edit_flag,name,e_name,chemical_symbol) values ('fd4e27d5b2b7949811eac7455618d34c', 'a20061','3333ae2734d64bbe8b598af6c6610003',1,'钼',null,null);
insert into t_factor_index(id,code,factor_category,edit_flag,name,e_name,chemical_symbol) values ('fd4e27d5b2b7949811eac7455618d3ba', 'a20064','3333ae2734d64bbe8b598af6c6610003',1,'镍',null,null);
insert into t_factor_index(id,code,factor_category,edit_flag,name,e_name,chemical_symbol) values ('fd4e27d5b2b7949811eac7455618d41e', 'a20068','3333ae2734d64bbe8b598af6c6610003',1,'钾',null,null);
insert into t_factor_index(id,code,factor_category,edit_flag,name,e_name,chemical_symbol) values ('fd4e27d5b2b7949811eac7455618d482', 'a20072','3333ae2734d64bbe8b598af6c6610003',1,'硒',null,null);
insert into t_factor_index(id,code,factor_category,edit_flag,name,e_name,chemical_symbol) values ('fd4e27d5b2b7949811eac7455618d4e6', 'a20086','3333ae2734d64bbe8b598af6c6610003',1,'碲',null,null);
insert into t_factor_index(id,code,factor_category,edit_flag,name,e_name,chemical_symbol) values ('fd4e27d5b2b7949811eac7455618d540', 'a20089','3333ae2734d64bbe8b598af6c6610003',1,'铊',null,null);
insert into t_factor_index(id,code,factor_category,edit_flag,name,e_name,chemical_symbol) values ('fd4e27d5b2b7949811eac7455618d5a4', 'a20092','3333ae2734d64bbe8b598af6c6610003',1,'锡',null,null);
insert into t_factor_index(id,code,factor_category,edit_flag,name,e_name,chemical_symbol) values ('fd4e27d5b2b7949811eac7455618d608', 'a20095','3333ae2734d64bbe8b598af6c6610003',1,'钛',null,null);
insert into t_factor_index(id,code,factor_category,edit_flag,name,e_name,chemical_symbol) values ('fd4e27d5b2b7949811eac7455618d68a', 'a20101','3333ae2734d64bbe8b598af6c6610003',1,'钒',null,null);
insert into t_factor_index(id,code,factor_category,edit_flag,name,e_name,chemical_symbol) values ('fd4e27d5b2b7949811eac7455618d6ee', 'a20104','3333ae2734d64bbe8b598af6c6610003',1,'锌',null,null);
insert into t_factor_index(id,code,factor_category,edit_flag,name,e_name,chemical_symbol) values ('fd4e27d5b2b7949811eac7455618d752', 'a21001','3333ae2734d64bbe8b598af6c6610003',1,'NH₃',null,null);
insert into t_factor_index(id,code,factor_category,edit_flag,name,e_name,chemical_symbol) values ('fd4e27d5b2b7949811eac7455618d9be', 'a21002','3333ae2734d64bbe8b598af6c6610003',1,'NOx',null,null);
insert into t_factor_index(id,code,factor_category,edit_flag,name,e_name,chemical_symbol) values ('fd4e27d5b2b7949811eac7455618da54', 'a21003','3333ae2734d64bbe8b598af6c6610003',1,'NO',null,null);
insert into t_factor_index(id,code,factor_category,edit_flag,name,e_name,chemical_symbol) values ('fd4e27d5b2b7949811eac7455618dad6', 'a21004','3333ae2734d64bbe8b598af6c6610003',1,'NO₂',null,null);
insert into t_factor_index(id,code,factor_category,edit_flag,name,e_name,chemical_symbol) values ('fd4e27d5b2b7949811eac7455618db3a', 'a21005','3333ae2734d64bbe8b598af6c6610003',1,'CO',null,null);
insert into t_factor_index(id,code,factor_category,edit_flag,name,e_name,chemical_symbol) values ('fd4e27d5b2b7949811eac7455618db9e', 'a21024','3333ae2734d64bbe8b598af6c6610003',1,'氯化氢(HCl)',null,null);
insert into t_factor_index(id,code,factor_category,edit_flag,name,e_name,chemical_symbol) values ('fd4e27d5b2b7949811eac7455618dc02', 'a21026','3333ae2734d64bbe8b598af6c6610003',1,'SO₂',null,null);
insert into t_factor_index(id,code,factor_category,edit_flag,name,e_name,chemical_symbol) values ('fd4e27d5b2b7949811eac7455618dc5c', 'a21026-1','3333ae2734d64bbe8b598af6c6610003',1,'SO₂总量',null,null);
insert into t_factor_index(id,code,factor_category,edit_flag,name,e_name,chemical_symbol) values ('fd4e27d5b2b7949811eac7455618dcc0', 'a21026-2','3333ae2734d64bbe8b598af6c6610003',1,'SO₂折算值',null,null);
insert into t_factor_index(id,code,factor_category,edit_flag,name,e_name,chemical_symbol) values ('fd4e27d5b2b7949811eac7455618dd24', 'a21028','3333ae2734d64bbe8b598af6c6610003',1,'H₂S',null,null);
insert into t_factor_index(id,code,factor_category,edit_flag,name,e_name,chemical_symbol) values ('fd4e27d5b2b7949811eac7455618dd7e', 'a24001','3333ae2734d64bbe8b598af6c6610003',1,'乙烷',null,null);
insert into t_factor_index(id,code,factor_category,edit_flag,name,e_name,chemical_symbol) values ('fd4e27d5b2b7949811eac7455618dde2', 'a24002','3333ae2734d64bbe8b598af6c6610003',1,'丙烷',null,null);
insert into t_factor_index(id,code,factor_category,edit_flag,name,e_name,chemical_symbol) values ('fd4e27d5b2b7949811eac7455618de46', 'a24003','3333ae2734d64bbe8b598af6c6610003',1,'二氯甲烷',null,null);
insert into t_factor_index(id,code,factor_category,edit_flag,name,e_name,chemical_symbol) values ('fd4e27d5b2b7949811eac7455618dea0', 'a24004','3333ae2734d64bbe8b598af6c6610003',1,'氯仿(三氯甲烷)',null,null);
insert into t_factor_index(id,code,factor_category,edit_flag,name,e_name,chemical_symbol) values ('fd4e27d5b2b7949811eac7455618df04', 'a24005','3333ae2734d64bbe8b598af6c6610003',1,'四氯化碳(四氯甲烷)',null,null);
insert into t_factor_index(id,code,factor_category,edit_flag,name,e_name,chemical_symbol) values ('fd4e27d5b2b7949811eac7455618df68', 'a24006','3333ae2734d64bbe8b598af6c6610003',1,'二溴一氯甲烷',null,null);
insert into t_factor_index(id,code,factor_category,edit_flag,name,e_name,chemical_symbol) values ('fd4e27d5b2b7949811eac7455618dfcc', 'a24007','3333ae2734d64bbe8b598af6c6610003',1,'一溴二氯甲烷',null,null);
insert into t_factor_index(id,code,factor_category,edit_flag,name,e_name,chemical_symbol) values ('fd4e27d5b2b7949811eac7455618e026', 'a24008','3333ae2734d64bbe8b598af6c6610003',1,'溴甲烷',null,null);
insert into t_factor_index(id,code,factor_category,edit_flag,name,e_name,chemical_symbol) values ('fd4e27d5b2b7949811eac7455618e08a', 'a24009','3333ae2734d64bbe8b598af6c6610003',1,'溴仿',null,null);
insert into t_factor_index(id,code,factor_category,edit_flag,name,e_name,chemical_symbol) values ('fd4e27d5b2b7949811eac7455618e0e4', 'a24011','3333ae2734d64bbe8b598af6c6610003',1,'2-甲基戊烷',null,null);
insert into t_factor_index(id,code,factor_category,edit_flag,name,e_name,chemical_symbol) values ('fd4e27d5b2b7949811eac7455618e148', 'a24012','3333ae2734d64bbe8b598af6c6610003',1,'2,2,4-三甲基戊烷',null,null);
insert into t_factor_index(id,code,factor_category,edit_flag,name,e_name,chemical_symbol) values ('fd4e27d5b2b7949811eac7455618e1ac', 'a24014','3333ae2734d64bbe8b598af6c6610003',1,'三氟甲烷',null,null);
insert into t_factor_index(id,code,factor_category,edit_flag,name,e_name,chemical_symbol) values ('fd4e27d5b2b7949811eac7455618e206', 'a24015','3333ae2734d64bbe8b598af6c6610003',1,'氯乙烷',null,null);
insert into t_factor_index(id,code,factor_category,edit_flag,name,e_name,chemical_symbol) values ('fd4e27d5b2b7949811eac7455618e26a', 'a24016','3333ae2734d64bbe8b598af6c6610003',1,'1,1-二氯乙烷',null,null);
insert into t_factor_index(id,code,factor_category,edit_flag,name,e_name,chemical_symbol) values ('fd4e27d5b2b7949811eac7455618e2c4', 'a24017','3333ae2734d64bbe8b598af6c6610003',1,'1,2-二氯乙烷',null,null);
insert into t_factor_index(id,code,factor_category,edit_flag,name,e_name,chemical_symbol) values ('fd4e27d5b2b7949811eac7455618e328', 'a24018','3333ae2734d64bbe8b598af6c6610003',1,'1,1,1-三氯乙烷',null,null);
insert into t_factor_index(id,code,factor_category,edit_flag,name,e_name,chemical_symbol) values ('fd4e27d5b2b7949811eac7455618e38c', 'a24019','3333ae2734d64bbe8b598af6c6610003',1,'1,1,2-三氯乙烷',null,null);
insert into t_factor_index(id,code,factor_category,edit_flag,name,e_name,chemical_symbol) values ('fd4e27d5b2b7949811eac7455618e404', 'a24020','3333ae2734d64bbe8b598af6c6610003',1,'1,1,2,2-四氯乙烷',null,null);
insert into t_factor_index(id,code,factor_category,edit_flag,name,e_name,chemical_symbol) values ('fd4e27d5b2b7949811eac7455618e468', 'a24023','3333ae2734d64bbe8b598af6c6610003',1,'环氧乙烷',null,null);
insert into t_factor_index(id,code,factor_category,edit_flag,name,e_name,chemical_symbol) values ('fd4e27d5b2b7949811eac7455618e4c2', 'a24025','3333ae2734d64bbe8b598af6c6610003',1,'环丙烷',null,null);
insert into t_factor_index(id,code,factor_category,edit_flag,name,e_name,chemical_symbol) values ('fd4e27d5b2b7949811eac7455618e526', 'a24027','3333ae2734d64bbe8b598af6c6610003',1,'1,2-二氯丙烷',null,null);
insert into t_factor_index(id,code,factor_category,edit_flag,name,e_name,chemical_symbol) values ('fd4e27d5b2b7949811eac7455618e58a', 'a24034','3333ae2734d64bbe8b598af6c6610003',1,'1,2-二溴乙烷',null,null);
insert into t_factor_index(id,code,factor_category,edit_flag,name,e_name,chemical_symbol) values ('fd4e27d5b2b7949811eac7455618e5e4', 'a24036','3333ae2734d64bbe8b598af6c6610003',1,'环己烷',null,null);
insert into t_factor_index(id,code,factor_category,edit_flag,name,e_name,chemical_symbol) values ('fd4e27d5b2b7949811eac7455618e652', 'a24037','3333ae2734d64bbe8b598af6c6610003',1,'正丁烷',null,null);
insert into t_factor_index(id,code,factor_category,edit_flag,name,e_name,chemical_symbol) values ('fd4e27d5b2b7949811eac7455618e6b6', 'a24038','3333ae2734d64bbe8b598af6c6610003',1,'异丁烷',null,null);
insert into t_factor_index(id,code,factor_category,edit_flag,name,e_name,chemical_symbol) values ('fd4e27d5b2b7949811eac7455618e710', 'a24039','3333ae2734d64bbe8b598af6c6610003',1,'正戊烷',null,null);
insert into t_factor_index(id,code,factor_category,edit_flag,name,e_name,chemical_symbol) values ('fd4e27d5b2b7949811eac7455618e774', 'a24041','3333ae2734d64bbe8b598af6c6610003',1,'异戊烷',null,null);
insert into t_factor_index(id,code,factor_category,edit_flag,name,e_name,chemical_symbol) values ('fd4e27d5b2b7949811eac7455618e7d8', 'a24042','3333ae2734d64bbe8b598af6c6610003',1,'正己烷',null,null);
insert into t_factor_index(id,code,factor_category,edit_flag,name,e_name,chemical_symbol) values ('fd4e27d5b2b7949811eac7455618e832', 'a24043','3333ae2734d64bbe8b598af6c6610003',1,'正庚烷',null,null);
insert into t_factor_index(id,code,factor_category,edit_flag,name,e_name,chemical_symbol) values ('fd4e27d5b2b7949811eac7455618e896', 'a24044','3333ae2734d64bbe8b598af6c6610003',1,'正壬烷',null,null);
insert into t_factor_index(id,code,factor_category,edit_flag,name,e_name,chemical_symbol) values ('fd4e27d5b2b7949811eac7455618e8f0', 'a24045','3333ae2734d64bbe8b598af6c6610003',1,'乙烯',null,null);
insert into t_factor_index(id,code,factor_category,edit_flag,name,e_name,chemical_symbol) values ('fd4e27d5b2b7949811eac7455618ea08', 'a24046','3333ae2734d64bbe8b598af6c6610003',1,'氯乙烯',null,null);
insert into t_factor_index(id,code,factor_category,edit_flag,name,e_name,chemical_symbol) values ('fd4e27d5b2b7949811eac7455618ea80', 'a24047','3333ae2734d64bbe8b598af6c6610003',1,'1,1-二氯乙烯',null,null);
insert into t_factor_index(id,code,factor_category,edit_flag,name,e_name,chemical_symbol) values ('fd4e27d5b2b7949811eac7455618eb34', 'a24049','3333ae2734d64bbe8b598af6c6610003',1,'三氯乙烯',null,null);
insert into t_factor_index(id,code,factor_category,edit_flag,name,e_name,chemical_symbol) values ('fd4e27d5b2b7949811eac7455618eba2', 'a24050','3333ae2734d64bbe8b598af6c6610003',1,'四氯乙烯',null,null);
insert into t_factor_index(id,code,factor_category,edit_flag,name,e_name,chemical_symbol) values ('fd4e27d5b2b7949811eac7455618ec06', 'a24053','3333ae2734d64bbe8b598af6c6610003',1,'丙烯',null,null);
insert into t_factor_index(id,code,factor_category,edit_flag,name,e_name,chemical_symbol) values ('fd4e27d5b2b7949811eac7455618ec6a', 'a24054','3333ae2734d64bbe8b598af6c6610003',1,'顺-1,3-二氯丙烯',null,null);
insert into t_factor_index(id,code,factor_category,edit_flag,name,e_name,chemical_symbol) values ('fd4e27d5b2b7949811eac7455618ecce', 'a24056','3333ae2734d64bbe8b598af6c6610003',1,'丙二烯',null,null);
insert into t_factor_index(id,code,factor_category,edit_flag,name,e_name,chemical_symbol) values ('fd4e27d5b2b7949811eac7455618ed32', 'a24057','3333ae2734d64bbe8b598af6c6610003',1,'3-氯-1-丙烯',null,null);
insert into t_factor_index(id,code,factor_category,edit_flag,name,e_name,chemical_symbol) values ('fd4e27d5b2b7949811eac7455618ed8c', 'a24058','3333ae2734d64bbe8b598af6c6610003',1,'异丁烯',null,null);
insert into t_factor_index(id,code,factor_category,edit_flag,name,e_name,chemical_symbol) values ('fd4e27d5b2b7949811eac7455618edf0', 'a24059','3333ae2734d64bbe8b598af6c6610003',1,'丁烯',null,null);
insert into t_factor_index(id,code,factor_category,edit_flag,name,e_name,chemical_symbol) values ('fd4e27d5b2b7949811eac7455618ee54', 'a24061','3333ae2734d64bbe8b598af6c6610003',1,'异戊二烯',null,null);
insert into t_factor_index(id,code,factor_category,edit_flag,name,e_name,chemical_symbol) values ('fd4e27d5b2b7949811eac7455618eeae', 'a24063','3333ae2734d64bbe8b598af6c6610003',1,'顺-2-丁烯',null,null);
insert into t_factor_index(id,code,factor_category,edit_flag,name,e_name,chemical_symbol) values ('fd4e27d5b2b7949811eac7455618ef12', 'a24064','3333ae2734d64bbe8b598af6c6610003',1,'反-2-丁烯',null,null);
insert into t_factor_index(id,code,factor_category,edit_flag,name,e_name,chemical_symbol) values ('fd4e27d5b2b7949811eac7455618ef76', 'a24068','3333ae2734d64bbe8b598af6c6610003',1,'正癸烷',null,null);
insert into t_factor_index(id,code,factor_category,edit_flag,name,e_name,chemical_symbol) values ('fd4e27d5b2b7949811eac7455618efd0', 'a24070','3333ae2734d64bbe8b598af6c6610003',1,'正辛烷',null,null);
insert into t_factor_index(id,code,factor_category,edit_flag,name,e_name,chemical_symbol) values ('fd4e27d5b2b7949811eac7455618f034', 'a24074','3333ae2734d64bbe8b598af6c6610003',1,'1-戊烯',null,null);
insert into t_factor_index(id,code,factor_category,edit_flag,name,e_name,chemical_symbol) values ('fd4e27d5b2b7949811eac7455618f08e', 'a24075','3333ae2734d64bbe8b598af6c6610003',1,'2-戊烯',null,null);
insert into t_factor_index(id,code,factor_category,edit_flag,name,e_name,chemical_symbol) values ('fd4e27d5b2b7949811eac7455618f0f2', 'a24076','3333ae2734d64bbe8b598af6c6610003',1,'顺-2-戊烯',null,null);
insert into t_factor_index(id,code,factor_category,edit_flag,name,e_name,chemical_symbol) values ('fd4e27d5b2b7949811eac7455618f156', 'a24077','3333ae2734d64bbe8b598af6c6610003',1,'反-2-戊烯',null,null);
insert into t_factor_index(id,code,factor_category,edit_flag,name,e_name,chemical_symbol) values ('fd4e27d5b2b7949811eac7455618f1b0', 'a24078','3333ae2734d64bbe8b598af6c6610003',1,'丁二烯',null,null);
insert into t_factor_index(id,code,factor_category,edit_flag,name,e_name,chemical_symbol) values ('fd4e27d5b2b7949811eac7455618f214', 'a24079','3333ae2734d64bbe8b598af6c6610003',1,'乙炔',null,null);
insert into t_factor_index(id,code,factor_category,edit_flag,name,e_name,chemical_symbol) values ('fd4e27d5b2b7949811eac7455618f26e', 'a24080','3333ae2734d64bbe8b598af6c6610003',1,'丙炔',null,null);
insert into t_factor_index(id,code,factor_category,edit_flag,name,e_name,chemical_symbol) values ('fd4e27d5b2b7949811eac7455618f2d2', 'a24084','3333ae2734d64bbe8b598af6c6610003',1,'甲基环己烷',null,null);
insert into t_factor_index(id,code,factor_category,edit_flag,name,e_name,chemical_symbol) values ('fd4e27d5b2b7949811eac7455618f336', 'a24088','3333ae2734d64bbe8b598af6c6610003',1,'非甲烷总烃',null,null);
insert into t_factor_index(id,code,factor_category,edit_flag,name,e_name,chemical_symbol) values ('fd4e27d5b2b7949811eac7455618f390', 'a24088-1','3333ae2734d64bbe8b598af6c6610003',1,'非甲烷总烃净化设施去除效率',null,null);
insert into t_factor_index(id,code,factor_category,edit_flag,name,e_name,chemical_symbol) values ('fd4e27d5b2b7949811eac7455618f3f4', 'a24099','3333ae2734d64bbe8b598af6c6610003',1,'氯甲烷',null,null);
insert into t_factor_index(id,code,factor_category,edit_flag,name,e_name,chemical_symbol) values ('fd4e27d5b2b7949811eac7455618f458', 'a24100','3333ae2734d64bbe8b598af6c6610003',1,'碘甲烷',null,null);
insert into t_factor_index(id,code,factor_category,edit_flag,name,e_name,chemical_symbol) values ('fd4e27d5b2b7949811eac7455618f4c6', 'a24102','3333ae2734d64bbe8b598af6c6610003',1,'一氯二氟甲烷',null,null);
insert into t_factor_index(id,code,factor_category,edit_flag,name,e_name,chemical_symbol) values ('fd4e27d5b2b7949811eac7455618f52a', 'a24110','3333ae2734d64bbe8b598af6c6610003',1,'反-1,2-二氯乙烯',null,null);
insert into t_factor_index(id,code,factor_category,edit_flag,name,e_name,chemical_symbol) values ('fd4e27d5b2b7949811eac7455618f58e', 'a24111','3333ae2734d64bbe8b598af6c6610003',1,'顺-1,2-二氯乙烯',null,null);
insert into t_factor_index(id,code,factor_category,edit_flag,name,e_name,chemical_symbol) values ('fd4e27d5b2b7949811eac7455618f5f2', 'a24112','3333ae2734d64bbe8b598af6c6610003',1,'反-1,3-二氯丙烯',null,null);
insert into t_factor_index(id,code,factor_category,edit_flag,name,e_name,chemical_symbol) values ('fd4e27d5b2b7949811eac7455618f64c', 'a24113','3333ae2734d64bbe8b598af6c6610003',1,'六氯-1,3-丁二烯',null,null);
insert into t_factor_index(id,code,factor_category,edit_flag,name,e_name,chemical_symbol) values ('fd4e27d5b2b7949811eac7455618f6b0', 'a25002','3333ae2734d64bbe8b598af6c6610003',1,'苯',null,null);
insert into t_factor_index(id,code,factor_category,edit_flag,name,e_name,chemical_symbol) values ('fd4e27d5b2b7949811eac7455618f714', 'a25003','3333ae2734d64bbe8b598af6c6610003',1,'甲苯',null,null);
insert into t_factor_index(id,code,factor_category,edit_flag,name,e_name,chemical_symbol) values ('fd4e27d5b2b7949811eac7455618f76e', 'a25004','3333ae2734d64bbe8b598af6c6610003',1,'乙苯',null,null);
insert into t_factor_index(id,code,factor_category,edit_flag,name,e_name,chemical_symbol) values ('fd4e27d5b2b7949811eac7455618f7d2', 'a25006','3333ae2734d64bbe8b598af6c6610003',1,'邻-二甲苯',null,null);
insert into t_factor_index(id,code,factor_category,edit_flag,name,e_name,chemical_symbol) values ('fd4e27d5b2b7949811eac7455618f836', 'a25007','3333ae2734d64bbe8b598af6c6610003',1,'间-二甲苯',null,null);
insert into t_factor_index(id,code,factor_category,edit_flag,name,e_name,chemical_symbol) values ('fd4e27d5b2b7949811eac7455618f89a', 'a25008','3333ae2734d64bbe8b598af6c6610003',1,'对-二甲苯',null,null);
insert into t_factor_index(id,code,factor_category,edit_flag,name,e_name,chemical_symbol) values ('fd4e27d5b2b7949811eac7455618f9d0', 'a25010','3333ae2734d64bbe8b598af6c6610003',1,'氯苯',null,null);
insert into t_factor_index(id,code,factor_category,edit_flag,name,e_name,chemical_symbol) values ('fd4e27d5b2b7949811eac7455618fa8e', 'a25011','3333ae2734d64bbe8b598af6c6610003',1,'1,2-二氯苯',null,null);
insert into t_factor_index(id,code,factor_category,edit_flag,name,e_name,chemical_symbol) values ('fd4e27d5b2b7949811eac7455618fbd8', 'a25012','3333ae2734d64bbe8b598af6c6610003',1,'1,3-二氯苯',null,null);
insert into t_factor_index(id,code,factor_category,edit_flag,name,e_name,chemical_symbol) values ('fd4e27d5b2b7949811eac7455618fc5a', 'a25013','3333ae2734d64bbe8b598af6c6610003',1,'1,4-二氯苯',null,null);
insert into t_factor_index(id,code,factor_category,edit_flag,name,e_name,chemical_symbol) values ('fd4e27d5b2b7949811eac7455618fcbe', 'a25014','3333ae2734d64bbe8b598af6c6610003',1,'对-甲乙苯(1-乙基-4-甲基苯)',null,null);
insert into t_factor_index(id,code,factor_category,edit_flag,name,e_name,chemical_symbol) values ('fd4e27d5b2b7949811eac7455618fd22', 'a25015','3333ae2734d64bbe8b598af6c6610003',1,'1,2,4-三氯苯',null,null);
insert into t_factor_index(id,code,factor_category,edit_flag,name,e_name,chemical_symbol) values ('fd4e27d5b2b7949811eac7455618fd86', 'a25019','3333ae2734d64bbe8b598af6c6610003',1,'1,2,4-三甲苯',null,null);
insert into t_factor_index(id,code,factor_category,edit_flag,name,e_name,chemical_symbol) values ('fd4e27d5b2b7949811eac7455618fdea', 'a25020','3333ae2734d64bbe8b598af6c6610003',1,'1,2,3-三甲苯',null,null);
insert into t_factor_index(id,code,factor_category,edit_flag,name,e_name,chemical_symbol) values ('fd4e27d5b2b7949811eac7455618fe44', 'a25021','3333ae2734d64bbe8b598af6c6610003',1,'1,3,5-三甲苯',null,null);
insert into t_factor_index(id,code,factor_category,edit_flag,name,e_name,chemical_symbol) values ('fd4e27d5b2b7949811eac7455618fea8', 'a25033','3333ae2734d64bbe8b598af6c6610003',1,'正丙苯',null,null);
insert into t_factor_index(id,code,factor_category,edit_flag,name,e_name,chemical_symbol) values ('fd4e27d5b2b7949811eac7455618ff02', 'a25034','3333ae2734d64bbe8b598af6c6610003',1,'异丙苯',null,null);
insert into t_factor_index(id,code,factor_category,edit_flag,name,e_name,chemical_symbol) values ('fd4e27d5b2b7949811eac7455618ff66', 'a25038','3333ae2734d64bbe8b598af6c6610003',1,'苯乙烯(乙烯基苯)',null,null);
insert into t_factor_index(id,code,factor_category,edit_flag,name,e_name,chemical_symbol) values ('fd4e27d5b2b7949811eac7455618ffca', 'a25059','3333ae2734d64bbe8b598af6c6610003',1,'萘',null,null);
insert into t_factor_index(id,code,factor_category,edit_flag,name,e_name,chemical_symbol) values ('fd4e27d5b2b7949811eac7455619002e', 'a25068','3333ae2734d64bbe8b598af6c6610003',1,'氯化苄(1-氯-甲基苄)',null,null);
insert into t_factor_index(id,code,factor_category,edit_flag,name,e_name,chemical_symbol) values ('fd4e27d5b2b7949811eac74556190088', 'a25072','3333ae2734d64bbe8b598af6c6610003',1,'四氢呋喃',null,null);
insert into t_factor_index(id,code,factor_category,edit_flag,name,e_name,chemical_symbol) values ('fd4e27d5b2b7949811eac745561900ec', 'a28006','3333ae2734d64bbe8b598af6c6610003',1,'甲基叔丁基醚',null,null);
insert into t_factor_index(id,code,factor_category,edit_flag,name,e_name,chemical_symbol) values ('fd4e27d5b2b7949811eac74556190150', 'a28010','3333ae2734d64bbe8b598af6c6610003',1,'二甲基二硫醚',null,null);
insert into t_factor_index(id,code,factor_category,edit_flag,name,e_name,chemical_symbol) values ('fd4e27d5b2b7949811eac745561901aa', 'a28038','3333ae2734d64bbe8b598af6c6610003',1,'苄基氯',null,null);
insert into t_factor_index(id,code,factor_category,edit_flag,name,e_name,chemical_symbol) values ('fd4e27d5b2b7949811eac7455619020e', 'a29011','3333ae2734d64bbe8b598af6c6610003',1,'乙酸甲酯',null,null);
insert into t_factor_index(id,code,factor_category,edit_flag,name,e_name,chemical_symbol) values ('fd4e27d5b2b7949811eac74556190268', 'a29015','3333ae2734d64bbe8b598af6c6610003',1,'甲基丙烯酸甲酯(MMA)',null,null);
insert into t_factor_index(id,code,factor_category,edit_flag,name,e_name,chemical_symbol) values ('fd4e27d5b2b7949811eac745561902cc', 'a29017','3333ae2734d64bbe8b598af6c6610003',1,'乙酸乙酯',null,null);
insert into t_factor_index(id,code,factor_category,edit_flag,name,e_name,chemical_symbol) values ('fd4e27d5b2b7949811eac74556190330', 'a29026','3333ae2734d64bbe8b598af6c6610003',1,'乙酸乙烯酯',null,null);
insert into t_factor_index(id,code,factor_category,edit_flag,name,e_name,chemical_symbol) values ('fd4e27d5b2b7949811eac7455619038a', 'a30001','3333ae2734d64bbe8b598af6c6610003',1,'甲醇',null,null);
insert into t_factor_index(id,code,factor_category,edit_flag,name,e_name,chemical_symbol) values ('fd4e27d5b2b7949811eac745561903ee', 'a30002','3333ae2734d64bbe8b598af6c6610003',1,'甲硫醇',null,null);
insert into t_factor_index(id,code,factor_category,edit_flag,name,e_name,chemical_symbol) values ('fd4e27d5b2b7949811eac74556190448', 'a30003','3333ae2734d64bbe8b598af6c6610003',1,'乙醇',null,null);
insert into t_factor_index(id,code,factor_category,edit_flag,name,e_name,chemical_symbol) values ('fd4e27d5b2b7949811eac745561904a2', 'a30006','3333ae2734d64bbe8b598af6c6610003',1,'乙二醇',null,null);
insert into t_factor_index(id,code,factor_category,edit_flag,name,e_name,chemical_symbol) values ('fd4e27d5b2b7949811eac74556190506', 'a30007','3333ae2734d64bbe8b598af6c6610003',1,'正丙醇',null,null);
insert into t_factor_index(id,code,factor_category,edit_flag,name,e_name,chemical_symbol) values ('fd4e27d5b2b7949811eac74556190560', 'a30008','3333ae2734d64bbe8b598af6c6610003',1,'异丙醇',null,null);
insert into t_factor_index(id,code,factor_category,edit_flag,name,e_name,chemical_symbol) values ('fd4e27d5b2b7949811eac745561905c4', 'a30023','3333ae2734d64bbe8b598af6c6610003',1,'乙硫醇',null,null);
insert into t_factor_index(id,code,factor_category,edit_flag,name,e_name,chemical_symbol) values ('fd4e27d5b2b7949811eac7455619061e', 'a30030','3333ae2734d64bbe8b598af6c6610003',1,'甲硫醚',null,null);
insert into t_factor_index(id,code,factor_category,edit_flag,name,e_name,chemical_symbol) values ('fd4e27d5b2b7949811eac74556190682', 'a30031','3333ae2734d64bbe8b598af6c6610003',1,'乙硫醚',null,null);
insert into t_factor_index(id,code,factor_category,edit_flag,name,e_name,chemical_symbol) values ('fd4e27d5b2b7949811eac745561906dc', 'a30101','3333ae2734d64bbe8b598af6c6610003',1,'二甲基硫',null,null);
insert into t_factor_index(id,code,factor_category,edit_flag,name,e_name,chemical_symbol) values ('fd4e27d5b2b7949811eac74556190740', 'a31001','3333ae2734d64bbe8b598af6c6610003',1,'甲醛',null,null);
insert into t_factor_index(id,code,factor_category,edit_flag,name,e_name,chemical_symbol) values ('fd4e27d5b2b7949811eac7455619079a', 'a31002','3333ae2734d64bbe8b598af6c6610003',1,'乙醛',null,null);
insert into t_factor_index(id,code,factor_category,edit_flag,name,e_name,chemical_symbol) values ('fd4e27d5b2b7949811eac745561907fe', 'a31003','3333ae2734d64bbe8b598af6c6610003',1,'丙醛',null,null);
insert into t_factor_index(id,code,factor_category,edit_flag,name,e_name,chemical_symbol) values ('fd4e27d5b2b7949811eac74556190858', 'a31004','3333ae2734d64bbe8b598af6c6610003',1,'丙烯醛',null,null);
insert into t_factor_index(id,code,factor_category,edit_flag,name,e_name,chemical_symbol) values ('fd4e27d5b2b7949811eac745561908b2', 'a31005','3333ae2734d64bbe8b598af6c6610003',1,'丁醛',null,null);
insert into t_factor_index(id,code,factor_category,edit_flag,name,e_name,chemical_symbol) values ('fd4e27d5b2b7949811eac74556190916', 'a31009','3333ae2734d64bbe8b598af6c6610003',1,'己醛',null,null);
insert into t_factor_index(id,code,factor_category,edit_flag,name,e_name,chemical_symbol) values ('fd4e27d5b2b7949811eac7455619097a', 'a31010','3333ae2734d64bbe8b598af6c6610003',1,'戊醛',null,null);
insert into t_factor_index(id,code,factor_category,edit_flag,name,e_name,chemical_symbol) values ('fd4e27d5b2b7949811eac745561909d4', 'a31015','3333ae2734d64bbe8b598af6c6610003',1,'2-甲基丙烯醛',null,null);
insert into t_factor_index(id,code,factor_category,edit_flag,name,e_name,chemical_symbol) values ('fd4e27d5b2b7949811eac74556190a38', 'a31024','3333ae2734d64bbe8b598af6c6610003',1,'丙酮',null,null);
insert into t_factor_index(id,code,factor_category,edit_flag,name,e_name,chemical_symbol) values ('fd4e27d5b2b7949811eac74556190a92', 'a31025','3333ae2734d64bbe8b598af6c6610003',1,'2-丁酮',null,null);
insert into t_factor_index(id,code,factor_category,edit_flag,name,e_name,chemical_symbol) values ('fd4e27d5b2b7949811eac74556190b8c', 'a31026','3333ae2734d64bbe8b598af6c6610003',1,'3-戊酮',null,null);
insert into t_factor_index(id,code,factor_category,edit_flag,name,e_name,chemical_symbol) values ('fd4e27d5b2b7949811eac74556190bfa', 'a31027','3333ae2734d64bbe8b598af6c6610003',1,'2-己酮',null,null);
insert into t_factor_index(id,code,factor_category,edit_flag,name,e_name,chemical_symbol) values ('fd4e27d5b2b7949811eac74556190c5e', 'a31030','3333ae2734d64bbe8b598af6c6610003',1,'4-甲基-2-戊酮(甲基异丁基甲酮)',null,null);
insert into t_factor_index(id,code,factor_category,edit_flag,name,e_name,chemical_symbol) values ('fd4e27d5b2b7949811eac74556190ccc', 'a31050','3333ae2734d64bbe8b598af6c6610003',1,'甲基乙烯酮(丁烯酮)',null,null);
insert into t_factor_index(id,code,factor_category,edit_flag,name,e_name,chemical_symbol) values ('fd4e27d5b2b7949811eac74556190d30', 'a31052','3333ae2734d64bbe8b598af6c6610003',1,'甲基异丁酮',null,null);
insert into t_factor_index(id,code,factor_category,edit_flag,name,e_name,chemical_symbol) values ('fd4e27d5b2b7949811eac74556190d8a', 'a32001','3333ae2734d64bbe8b598af6c6610003',1,'甲酸',null,null);
insert into t_factor_index(id,code,factor_category,edit_flag,name,e_name,chemical_symbol) values ('fd4e27d5b2b7949811eac74556190dee', 'a32021','3333ae2734d64bbe8b598af6c6610003',1,'丙烯酸',null,null);
insert into t_factor_index(id,code,factor_category,edit_flag,name,e_name,chemical_symbol) values ('fd4e27d5b2b7949811eac74556190e48', 'a34001','3333ae2734d64bbe8b598af6c6610003',1,'TSP',null,null);
insert into t_factor_index(id,code,factor_category,edit_flag,name,e_name,chemical_symbol) values ('fd4e27d5b2b7949811eac74556190ea2', 'a34002','3333ae2734d64bbe8b598af6c6610003',1,'PM10',null,null);
insert into t_factor_index(id,code,factor_category,edit_flag,name,e_name,chemical_symbol) values ('fd4e27d5b2b7949811eac74556190efc', 'a34004','3333ae2734d64bbe8b598af6c6610003',1,'PM2.5',null,null);
insert into t_factor_index(id,code,factor_category,edit_flag,name,e_name,chemical_symbol) values ('fd4e27d5b2b7949811eac74556190f56', 'a34005','3333ae2734d64bbe8b598af6c6610003',1,'PM1.0',null,null);
insert into t_factor_index(id,code,factor_category,edit_flag,name,e_name,chemical_symbol) values ('fd4e27d5b2b7949811eac74556190fb0', 'a34013','3333ae2734d64bbe8b598af6c6610003',1,'颗粒物',null,null);
insert into t_factor_index(id,code,factor_category,edit_flag,name,e_name,chemical_symbol) values ('fd4e27d5b2b7949811eac74556191014', 'a34013-1','3333ae2734d64bbe8b598af6c6610003',1,'颗粒物总量',null,null);
insert into t_factor_index(id,code,factor_category,edit_flag,name,e_name,chemical_symbol) values ('fd4e27d5b2b7949811eac7455619106e', 'a34013-2','3333ae2734d64bbe8b598af6c6610003',1,'颗粒物折算值',null,null);
insert into t_factor_index(id,code,factor_category,edit_flag,name,e_name,chemical_symbol) values ('fd4e27d5b2b7949811eac745561910d2', 'a34041','3333ae2734d64bbe8b598af6c6610003',1,'油烟',null,null);
insert into t_factor_index(id,code,factor_category,edit_flag,name,e_name,chemical_symbol) values ('fd4e27d5b2b7949811eac74556191136', 'a34041-1','3333ae2734d64bbe8b598af6c6610003',1,'油烟净化设施去除效率',null,null);
insert into t_factor_index(id,code,factor_category,edit_flag,name,e_name,chemical_symbol) values ('fd4e27d5b2b7949811eac74556191190', 'a99009','3333ae2734d64bbe8b598af6c6610003',1,'乙腈',null,null);
insert into t_factor_index(id,code,factor_category,edit_flag,name,e_name,chemical_symbol) values ('fd4e27d5b2b7949811eac74556191230', 'a99051','3333ae2734d64bbe8b598af6c6610003',1,'二硫化碳',null,null);
insert into t_factor_index(id,code,factor_category,edit_flag,name,e_name,chemical_symbol) values ('fd4e27d5b2b7949811eac7455619129e', 'a99055','3333ae2734d64bbe8b598af6c6610003',1,'NOx',null,null);
insert into t_factor_index(id,code,factor_category,edit_flag,name,e_name,chemical_symbol) values ('fd4e27d5b2b7949811eac74556191302', 'a99055-1','3333ae2734d64bbe8b598af6c6610003',1,'NOx总量',null,null);
insert into t_factor_index(id,code,factor_category,edit_flag,name,e_name,chemical_symbol) values ('fd4e27d5b2b7949811eac7455619135c', 'a99055-2','3333ae2734d64bbe8b598af6c6610003',1,'NOx折算值',null,null);
insert into t_factor_index(id,code,factor_category,edit_flag,name,e_name,chemical_symbol) values ('fd4e27d5b2b7949811eac745561913c0', 'a99450','3333ae2734d64bbe8b598af6c6610003',1,'光解速率(H₂O₂)',null,null);
insert into t_factor_index(id,code,factor_category,edit_flag,name,e_name,chemical_symbol) values ('fd4e27d5b2b7949811eac7455619141a', 'a99451','3333ae2734d64bbe8b598af6c6610003',1,'光解速率(HCHO_M)',null,null);
insert into t_factor_index(id,code,factor_category,edit_flag,name,e_name,chemical_symbol) values ('fd4e27d5b2b7949811eac74556191492', 'a99452','3333ae2734d64bbe8b598af6c6610003',1,'光解速率(HCHO_R)',null,null);
insert into t_factor_index(id,code,factor_category,edit_flag,name,e_name,chemical_symbol) values ('fd4e27d5b2b7949811eac745561914f6', 'a99453','3333ae2734d64bbe8b598af6c6610003',1,'光解速率(HONO)',null,null);
insert into t_factor_index(id,code,factor_category,edit_flag,name,e_name,chemical_symbol) values ('fd4e27d5b2b7949811eac74556191564', 'a99454','3333ae2734d64bbe8b598af6c6610003',1,'光解速率(NO₃_M)',null,null);
insert into t_factor_index(id,code,factor_category,edit_flag,name,e_name,chemical_symbol) values ('fd4e27d5b2b7949811eac745561915c8', 'a99455','3333ae2734d64bbe8b598af6c6610003',1,'光解速率(NO₃_R)',null,null);
insert into t_factor_index(id,code,factor_category,edit_flag,name,e_name,chemical_symbol) values ('fd4e27d5b2b7949811eac7455619162c', 'a99456','3333ae2734d64bbe8b598af6c6610003',1,'光解速率(NO₂)',null,null);
insert into t_factor_index(id,code,factor_category,edit_flag,name,e_name,chemical_symbol) values ('fd4e27d5b2b7949811eac74556191686', 'a99457','3333ae2734d64bbe8b598af6c6610003',1,'光解速率(O1D)',null,null);
insert into t_factor_index(id,code,factor_category,edit_flag,name,e_name,chemical_symbol) values ('fd4e27d5b2b7949811eac745561916ea', 'a99500','3333ae2734d64bbe8b598af6c6610003',1,'散射系数(450nm)',null,null);
insert into t_factor_index(id,code,factor_category,edit_flag,name,e_name,chemical_symbol) values ('fd4e27d5b2b7949811eac7455619174e', 'a99501','3333ae2734d64bbe8b598af6c6610003',1,'散射系数(525nm)',null,null);
insert into t_factor_index(id,code,factor_category,edit_flag,name,e_name,chemical_symbol) values ('fd4e27d5b2b7949811eac745561917a8', 'a99502','3333ae2734d64bbe8b598af6c6610003',1,'散射系数(635nm)',null,null);
insert into t_factor_index(id,code,factor_category,edit_flag,name,e_name,chemical_symbol) values ('fd4e27d5b2b7949811eac7455619180c', 'a99503','3333ae2734d64bbe8b598af6c6610003',1,'反向散射系数(450nm)',null,null);
insert into t_factor_index(id,code,factor_category,edit_flag,name,e_name,chemical_symbol) values ('fd4e27d5b2b7949811eac74556191866', 'a99504','3333ae2734d64bbe8b598af6c6610003',1,'反向散射系数(525nm)',null,null);
insert into t_factor_index(id,code,factor_category,edit_flag,name,e_name,chemical_symbol) values ('fd4e27d5b2b7949811eac745561918ca', 'a99505','3333ae2734d64bbe8b598af6c6610003',1,'反向散射系数(635nm)',null,null);
insert into t_factor_index(id,code,factor_category,edit_flag,name,e_name,chemical_symbol) values ('fd4e27d5b2b7949811eac74556191924', 'a99701','3333ae2734d64bbe8b598af6c6610003',1,'气压',null,null);
insert into t_factor_index(id,code,factor_category,edit_flag,name,e_name,chemical_symbol) values ('fd4e27d5b2b7949811eac74556191988', 'a99772','3333ae2734d64bbe8b598af6c6610003',1,'HNO₂离子',null,null);
insert into t_factor_index(id,code,factor_category,edit_flag,name,e_name,chemical_symbol) values ('fd4e27d5b2b7949811eac745561919ec', 'a99773','3333ae2734d64bbe8b598af6c6610003',1,'HNO₃离子',null,null);
insert into t_factor_index(id,code,factor_category,edit_flag,name,e_name,chemical_symbol) values ('fd4e27d5b2b7949811eac74556191a46', 'a99775','3333ae2734d64bbe8b598af6c6610003',1,'F离子',null,null);
insert into t_factor_index(id,code,factor_category,edit_flag,name,e_name,chemical_symbol) values ('fd4e27d5b2b7949811eac74556191aaa', 'a99781','3333ae2734d64bbe8b598af6c6610003',1,'热学OC(PM2.5)',null,null);
insert into t_factor_index(id,code,factor_category,edit_flag,name,e_name,chemical_symbol) values ('fd4e27d5b2b7949811eac74556191bb8', 'a99782','3333ae2734d64bbe8b598af6c6610003',1,'热学EC(PM2.5)',null,null);
insert into t_factor_index(id,code,factor_category,edit_flag,name,e_name,chemical_symbol) values ('fd4e27d5b2b7949811eac74556191c30', 'a99783','3333ae2734d64bbe8b598af6c6610003',1,'光学OC(PM2.5)',null,null);
insert into t_factor_index(id,code,factor_category,edit_flag,name,e_name,chemical_symbol) values ('fd4e27d5b2b7949811eac74556191c94', 'a99784','3333ae2734d64bbe8b598af6c6610003',1,'光学EC(PM2.5)',null,null);
insert into t_factor_index(id,code,factor_category,edit_flag,name,e_name,chemical_symbol) values ('fd4e27d5b2b7949811eac74556191cf8', 'a99791','3333ae2734d64bbe8b598af6c6610003',1,'扬尘',null,null);
insert into t_factor_index(id,code,factor_category,edit_flag,name,e_name,chemical_symbol) values ('fd4e27d5b2b7949811eac74556191d5c', 'a99792','3333ae2734d64bbe8b598af6c6610003',1,'生物质燃烧',null,null);
insert into t_factor_index(id,code,factor_category,edit_flag,name,e_name,chemical_symbol) values ('fd4e27d5b2b7949811eac74556191dca', 'a99793','3333ae2734d64bbe8b598af6c6610003',1,'餐饮',null,null);
insert into t_factor_index(id,code,factor_category,edit_flag,name,e_name,chemical_symbol) values ('fd4e27d5b2b7949811eac74556191e24', 'a99794','3333ae2734d64bbe8b598af6c6610003',1,'汽车尾气',null,null);
insert into t_factor_index(id,code,factor_category,edit_flag,name,e_name,chemical_symbol) values ('fd4e27d5b2b7949811eac74556191e88', 'a99795','3333ae2734d64bbe8b598af6c6610003',1,'燃煤',null,null);
insert into t_factor_index(id,code,factor_category,edit_flag,name,e_name,chemical_symbol) values ('fd4e27d5b2b7949811eac74556191ee2', 'a99796','3333ae2734d64bbe8b598af6c6610003',1,'工业工业',null,null);
insert into t_factor_index(id,code,factor_category,edit_flag,name,e_name,chemical_symbol) values ('fd4e27d5b2b7949811eac74556191f46', 'a99797','3333ae2734d64bbe8b598af6c6610003',1,'二次无机源',null,null);
insert into t_factor_index(id,code,factor_category,edit_flag,name,e_name,chemical_symbol) values ('fd4e27d5b2b7949811eac74556191fa0', 'a99798','3333ae2734d64bbe8b598af6c6610003',1,'其他',null,null);
insert into t_factor_index(id,code,factor_category,edit_flag,name,e_name,chemical_symbol) values ('fd4e27d5b2b7949811eac74556192108', 'a99799','3333ae2734d64bbe8b598af6c6610003',1,'颗粒物总数',null,null);
insert into t_factor_index(id,code,factor_category,edit_flag,name,e_name,chemical_symbol) values ('fd4e27d5b2b7949811eac74556192194', 'a99914','3333ae2734d64bbe8b598af6c6610003',1,'SO₂离子',null,null);
insert into t_factor_index(id,code,factor_category,edit_flag,name,e_name,chemical_symbol) values ('fd4e27d5b2b7949811eac745561921f8', 'a99915','3333ae2734d64bbe8b598af6c6610003',1,'NH₃离子',null,null);
insert into t_factor_index(id,code,factor_category,edit_flag,name,e_name,chemical_symbol) values ('fd4e27d5b2b7949811eac74556192252', 'a99916','3333ae2734d64bbe8b598af6c6610003',1,'NO₃离子',null,null);
insert into t_factor_index(id,code,factor_category,edit_flag,name,e_name,chemical_symbol) values ('fd4e27d5b2b7949811eac745561922b6', 'a99924','3333ae2734d64bbe8b598af6c6610003',1,'BC(紫外光)-370nm',null,null);
insert into t_factor_index(id,code,factor_category,edit_flag,name,e_name,chemical_symbol) values ('fd4e27d5b2b7949811eac7455619231a', 'a99925','3333ae2734d64bbe8b598af6c6610003',1,'BC(蓝光)-470nm',null,null);
insert into t_factor_index(id,code,factor_category,edit_flag,name,e_name,chemical_symbol) values ('fd4e27d5b2b7949811eac7455619237e', 'a99926','3333ae2734d64bbe8b598af6c6610003',1,'BC(绿光)-520nm',null,null);
insert into t_factor_index(id,code,factor_category,edit_flag,name,e_name,chemical_symbol) values ('fd4e27d5b2b7949811eac745561923e2', 'a99927','3333ae2734d64bbe8b598af6c6610003',1,'BC(黄光)-590nm',null,null);
insert into t_factor_index(id,code,factor_category,edit_flag,name,e_name,chemical_symbol) values ('fd4e27d5b2b7949811eac7455619243c', 'a99928','3333ae2734d64bbe8b598af6c6610003',1,'BC(红光)-660nm',null,null);
insert into t_factor_index(id,code,factor_category,edit_flag,name,e_name,chemical_symbol) values ('fd4e27d5b2b7949811eac745561924a0', 'a99929','3333ae2734d64bbe8b598af6c6610003',1,'BC(近红外)-880nm',null,null);
insert into t_factor_index(id,code,factor_category,edit_flag,name,e_name,chemical_symbol) values ('fd4e27d5b2b7949811eac74556192504', 'a99930','3333ae2734d64bbe8b598af6c6610003',1,'BC(远红外)-950nm',null,null);
insert into t_factor_index(id,code,factor_category,edit_flag,name,e_name,chemical_symbol) values ('fd4e27d5b2b7949811eac7455619255e', 'm00001','3333ae2734d64bbe8b598af6c6610003',1,'钪',null,null);
insert into t_factor_index(id,code,factor_category,edit_flag,name,e_name,chemical_symbol) values ('fd4e27d5b2b7949811eac745561925c2', 'm00002','3333ae2734d64bbe8b598af6c6610003',1,'铁',null,null);
insert into t_factor_index(id,code,factor_category,edit_flag,name,e_name,chemical_symbol) values ('fd4e27d5b2b7949811eac74556192626', 'm00003','3333ae2734d64bbe8b598af6c6610003',1,'镓',null,null);
insert into t_factor_index(id,code,factor_category,edit_flag,name,e_name,chemical_symbol) values ('fd4e27d5b2b7949811eac74556192680', 'm00004','3333ae2734d64bbe8b598af6c6610003',1,'溴',null,null);
insert into t_factor_index(id,code,factor_category,edit_flag,name,e_name,chemical_symbol) values ('fd4e27d5b2b7949811eac745561926e4', 'm00005','3333ae2734d64bbe8b598af6c6610003',1,'银',null,null);
insert into t_factor_index(id,code,factor_category,edit_flag,name,e_name,chemical_symbol) values ('fd4e27d5b2b7949811eac7455619273e', 'm00006','3333ae2734d64bbe8b598af6c6610003',1,'铯',null,null);
insert into t_factor_index(id,code,factor_category,edit_flag,name,e_name,chemical_symbol) values ('fd4e27d5b2b7949811eac745561927a2', 'm00007','3333ae2734d64bbe8b598af6c6610003',1,'钯',null,null);
insert into t_factor_index(id,code,factor_category,edit_flag,name,e_name,chemical_symbol) values ('fd4e27d5b2b7949811eac745561927fc', 'a99828','3333ae2734d64bbe8b598af6c6610003',1,'PAN',null,null);
insert into t_factor_index(id,code,factor_category,edit_flag,name,e_name,chemical_symbol) values ('fd4e27d5b2b7949811eac74556192856', 'a99912','3333ae2734d64bbe8b598af6c6610003',1,'NOy',null,null);

-- 单位类型
INSERT INTO `prd_esms`.`t_unit_type`(`id`, `name`) VALUES ('069881460a2946ebbcee71a4fd0a31be', '方向');
INSERT INTO `prd_esms`.`t_unit_type`(`id`, `name`) VALUES ('19ff0d94445b435cb473aa40f1bed0ec', '数量');
INSERT INTO `prd_esms`.`t_unit_type`(`id`, `name`) VALUES ('1a2bdfdaa56744c3bbf986cf81a2ca72', '风速');
INSERT INTO `prd_esms`.`t_unit_type`(`id`, `name`) VALUES ('206753f182f54cc398c65bfa62eeb500', '反应速率');
INSERT INTO `prd_esms`.`t_unit_type`(`id`, `name`) VALUES ('34d79b4b32094dc695caf42471dac2c9', '波长');
INSERT INTO `prd_esms`.`t_unit_type`(`id`, `name`) VALUES ('34f99ed49e8c44329cd76a210ed0c342', '体积浓度');
INSERT INTO `prd_esms`.`t_unit_type`(`id`, `name`) VALUES ('41de554b932f429d8f83bbc4d5adc923', '气压');
INSERT INTO `prd_esms`.`t_unit_type`(`id`, `name`) VALUES ('69c1a920088742d9ab4bedd61a4f9afc', '太阳辐射');
INSERT INTO `prd_esms`.`t_unit_type`(`id`, `name`) VALUES ('a311cf547ff04c62aeece98163b9f866', '流量');
INSERT INTO `prd_esms`.`t_unit_type`(`id`, `name`) VALUES ('a3851f6224aa4f388083ebad47b8d876', '无单位');
INSERT INTO `prd_esms`.`t_unit_type`(`id`, `name`) VALUES ('b901839b820445a3b49803abf4f0f3f2', '电压');
INSERT INTO `prd_esms`.`t_unit_type`(`id`, `name`) VALUES ('f1c9091587f24ac1be536dc0c2efb4b5', '雨量');


-- 单位
INSERT INTO `prd_esms`.`t_measure_unit`(`id`, `code`, `name`, `standard_flag`, `trans_formula`, `unit_type`) VALUES ('272d14f5b0194f3e9005998f42030675', '', '°', 0, '', '069881460a2946ebbcee71a4fd0a31be');
INSERT INTO `prd_esms`.`t_measure_unit`(`id`, `code`, `name`, `standard_flag`, `trans_formula`, `unit_type`) VALUES ('49337a8e34a049528765ea5b4c17585c', '', 'pt/cm³', 0, '', '19ff0d94445b435cb473aa40f1bed0ec');
INSERT INTO `prd_esms`.`t_measure_unit`(`id`, `code`, `name`, `standard_flag`, `trans_formula`, `unit_type`) VALUES ('881c0b35e98a4489a1e622ce057e6f99', '', 'm/s', 0, '', '1a2bdfdaa56744c3bbf986cf81a2ca72');
INSERT INTO `prd_esms`.`t_measure_unit`(`id`, `code`, `name`, `standard_flag`, `trans_formula`, `unit_type`) VALUES ('b77629623172487281ad9c87a55d067a', '', '级', 0, '', '1a2bdfdaa56744c3bbf986cf81a2ca72');
INSERT INTO `prd_esms`.`t_measure_unit`(`id`, `code`, `name`, `standard_flag`, `trans_formula`, `unit_type`) VALUES ('51d5e854c2a044d093e8aab953906976', '', 's-1', 0, '', '206753f182f54cc398c65bfa62eeb500');
INSERT INTO `prd_esms`.`t_measure_unit`(`id`, `code`, `name`, `standard_flag`, `trans_formula`, `unit_type`) VALUES ('0f507eac73774f0bb1bafa146b1781d4', '', 'nm', 0, '', '34d79b4b32094dc695caf42471dac2c9');
INSERT INTO `prd_esms`.`t_measure_unit`(`id`, `code`, `name`, `standard_flag`, `trans_formula`, `unit_type`) VALUES ('4b24a33435d14663b88b1d194e5e5f97', '', 'ppb', 1, '', '34f99ed49e8c44329cd76a210ed0c342');
INSERT INTO `prd_esms`.`t_measure_unit`(`id`, `code`, `name`, `standard_flag`, `trans_formula`, `unit_type`) VALUES ('aff39311fe2047f9bb2f1be1de8df0f0', '', 'ppm', 0, '', '34f99ed49e8c44329cd76a210ed0c342');
INSERT INTO `prd_esms`.`t_measure_unit`(`id`, `code`, `name`, `standard_flag`, `trans_formula`, `unit_type`) VALUES ('344a90abc06c462f887ca592c4735dcf', '', 'Pa', 0, '', '41de554b932f429d8f83bbc4d5adc923');
INSERT INTO `prd_esms`.`t_measure_unit`(`id`, `code`, `name`, `standard_flag`, `trans_formula`, `unit_type`) VALUES ('3e0e7787de294859a044d94f7557988c', '', 'hPa', 0, '', '41de554b932f429d8f83bbc4d5adc923');
INSERT INTO `prd_esms`.`t_measure_unit`(`id`, `code`, `name`, `standard_flag`, `trans_formula`, `unit_type`) VALUES ('88d3fe2abdd44aca941f0026b2ee62c5', '', 'mPa', 0, '', '41de554b932f429d8f83bbc4d5adc923');
INSERT INTO `prd_esms`.`t_measure_unit`(`id`, `code`, `name`, `standard_flag`, `trans_formula`, `unit_type`) VALUES ('9b0adab905574b0db24a6fdcabe22052', '', 'mbar', 0, '', '41de554b932f429d8f83bbc4d5adc923');
INSERT INTO `prd_esms`.`t_measure_unit`(`id`, `code`, `name`, `standard_flag`, `trans_formula`, `unit_type`) VALUES ('a68e9382dee7482e8ae774972e4dcf11', '', 'kPa', 0, '', '41de554b932f429d8f83bbc4d5adc923');
INSERT INTO `prd_esms`.`t_measure_unit`(`id`, `code`, `name`, `standard_flag`, `trans_formula`, `unit_type`) VALUES ('f5839d4b6c79464da8509e2ee9e0a9e6', '', 'w/m²', 0, '', '69c1a920088742d9ab4bedd61a4f9afc');
INSERT INTO `prd_esms`.`t_measure_unit`(`id`, `code`, `name`, `standard_flag`, `trans_formula`, `unit_type`) VALUES ('297f4af01b88469b812201e49a5bedd3', '', 'm³/h', 0, '', 'a311cf547ff04c62aeece98163b9f866');
INSERT INTO `prd_esms`.`t_measure_unit`(`id`, `code`, `name`, `standard_flag`, `trans_formula`, `unit_type`) VALUES ('970736d97e784edeafc269f90d3d605b', '', 'm³', 0, '', 'a311cf547ff04c62aeece98163b9f866');
INSERT INTO `prd_esms`.`t_measure_unit`(`id`, `code`, `name`, `standard_flag`, `trans_formula`, `unit_type`) VALUES ('1d325be915e1488d971406d6194b1d80', '', '无单位', 0, '', 'a3851f6224aa4f388083ebad47b8d876');
INSERT INTO `prd_esms`.`t_measure_unit`(`id`, `code`, `name`, `standard_flag`, `trans_formula`, `unit_type`) VALUES ('644759178f404f55b3abf3918945dca5', '', 'V', 0, '', 'b901839b820445a3b49803abf4f0f3f2');
INSERT INTO `prd_esms`.`t_measure_unit`(`id`, `code`, `name`, `standard_flag`, `trans_formula`, `unit_type`) VALUES ('575a4c20c38a40b990cb3bee6ceef8fd', '', 'mm', 1, '', 'f1c9091587f24ac1be536dc0c2efb4b5');

